yacimiento,empresa_grupo,anio,petroleo_m3,gas_mm3,boe,pozos
FORTIN DE PIEDRA,Tecpetrol,2025,472828.072056,5867858.041448,37512207.0,180
FORTIN DE PIEDRA,Tecpetrol,2024,463931.651016,5796510.811353,37036311.0,164
FORTIN DE PIEDRA,Tecpetrol,2023,389651.107202,5588132.168618,35342574.0,143
FORTIN DE PIEDRA,Tecpetrol,2022,317868.887447,5587226.489909,34885751.0,127
FORTIN DE PIEDRA,Tecpetrol,2019,253851.938085,4884567.1579,30347248.0,80
LOMA CAMPANA-LLL,YPF,2025,3889707.72,939785.53,29997063.0,633
LA CALERA,Pluspetrol,2025,1347728.097,3618958.728,29778126.0,116
LA AMARGA CHICA,YPF,2025,4201537.95,501709.83,29379873.0,305
FORTIN DE PIEDRA,Tecpetrol,2021,262170.648487,4619976.642,28842175.0,101
LOMA CAMPANA-LLL,YPF,2024,3783670.73,806912.3,28548023.0,598
FORTIN DE PIEDRA,Tecpetrol,2026,406104.061735,4362567.540226,28232392.0,204
LA AMARGA CHICA,YPF,2024,3813666.05,457997.51,26682956.0,246
BANDURRIA SUR,YPF,2025,3555126.13,701022.7,26487248.0,199
FORTIN DE PIEDRA,Tecpetrol,2020,204507.403173,3982145.4266,24725209.0,80
LA CALERA,Pluspetrol,2026,1080536.19,2926564.418,24022105.0,124
LA AMARGA CHICA,YPF,2026,3233312.37,404570.98,22718204.0,337
LOMA CAMPANA-LLL,YPF,2023,3025970.91,624613.53,22709206.0,558
LA AMARGA CHICA,YPF,2023,3221274.64,368111.31,22427898.0,190
AGUADA PICHANA ESTE VACA MUERTA,TotalEnergies,2024,90497.74706,3616327.874494,21854909.0,82
LOMA CAMPANA-LLL,YPF,2026,2724723.75,740056.27,21493928.0,658
AGUADA PICHANA ESTE VACA MUERTA,TotalEnergies,2025,100208.715867,3453021.7351,20954775.0,91
LOMA CAMPANA-LLL,YPF,2022,2750876.27,616098.83,20928816.0,520
LA CALERA,Pluspetrol,2024,828822.223,2587898.931,20445486.0,84
BANDURRIA SUR,YPF,2024,2775802.72,499039.3,20396606.0,153
BAJADA DEL PALO OESTE,Vista Energy,2025,2822644.181,323808.944,19659804.0,143
BAJADA DEL PALO OESTE,Vista Energy,2024,2715942.542,309233.05,18902887.0,104
BANDURRIA SUR,YPF,2026,2466968.37,527993.41,18624496.0,236
AGUADA PICHANA OESTE,Pan American Energy,2024,0.0,3033336.44518,17854218.0,46
AGUADA PICHANA ESTE VACA MUERTA,TotalEnergies,2023,23140.270219,2921776.390094,17343134.0,73
FORTIN DE PIEDRA,Tecpetrol,2018,141530.433041,2722066.37749,16912273.0,67
LA AMARGA CHICA,YPF,2022,2302833.32,279663.02,16130445.0,145
AGUADA PICHANA ESTE VACA MUERTA,TotalEnergies,2026,86260.155176,2546950.6996,15533903.0,100
AGUADA PICHANA OESTE,Pan American Energy,2025,0.0,2625415.71231,15453193.0,52
BANDURRIA SUR,YPF,2023,2108837.63,355073.86,15354125.0,101
BAJADA DEL PALO OESTE,Vista Energy,2026,2158527.51,242623.235,15004789.0,175
AGUADA PICHANA OESTE,Pan American Energy,2023,0.0,2505821.6255,14749270.0,35
LOMA CAMPANA-LLL,YPF,2021,1892991.02,429014.61,14431708.0,493
LOMA CAMPANA-LLL,YPF,2019,1692964.72,435778.09,13213394.0,446
AGUADA PICHANA ESTE VACA MUERTA,TotalEnergies,2022,3254.805719,2139846.3827,12615601.0,60
LOMA CAMPANA-LLL,YPF,2020,1586025.76,410261.95,12390544.0,457
LA CALERA,Pluspetrol,2023,341531.741,1718982.885,12266101.0,73
LA AMARGA CHICA,YPF,2021,1715867.19,219786.06,12086128.0,101
AGUADA PICHANA OESTE,Pan American Energy,2026,0.0,2030724.658033,11952853.0,58
BAJADA DEL PALO OESTE,Vista Energy,2023,1701198.668305,207987.209832885,11924411.0,67
RINCON DEL MANGRULLO,YPF,2022,7866.31,1979169.08,11698870.0,43
LA ANGOSTURA SUR I,YPF,2026,1468557.11,341224.7,11245371.0,72
BANDURRIA SUR,YPF,2022,1545450.69,257319.85,11235167.0,72
LA CALERA,Pluspetrol,2022,327952.617,1511348.333,10958555.0,40
SIERRA CHATA,Pampa Energía,2025,4935.96644,1837633.3414,10847357.0,24
LOMA CAMPANA-LLL,YPF,2018,1348157.99,400221.95,10835321.0,428
SIERRA CHATA,Pampa Energía,2026,4763.43054,1796088.1375,10601739.0,30
BAJO DEL CHOIQUE,Pluspetrol,2026,1244188.32,451855.05,10485306.0,53
EL OREJANO,YPF,2018,8496.57,1763886.95,10435673.0,83
RINCON DEL MANGRULLO,YPF,2023,9268.98,1687176.19,9989019.0,51
AGUADA PICHANA OESTE,Pan American Energy,2022,0.0,1691027.9305,9953394.0,25
BAJADA DEL PALO OESTE,Vista Energy,2022,1412053.148,171584.313,9891472.0,44
SIERRA CHATA,Pampa Energía,2024,23837.7477,1635784.5194,9778156.0,19
LA ANGOSTURA SUR I,YPF,2025,1281241.79,279279.45,9702600.0,48
AGUADA PICHANA ESTE VACA MUERTA,TotalEnergies,2020,4212.702923,1638299.255279,9669520.0,46
LOMA CAMPANA,YPF,2023,1367620.08,167336.11,9587004.0,177
RINCON DEL MANGRULLO,YPF,2024,5716.09,1588876.43,9388084.0,51
AGUADA PICHANA ESTE VACA MUERTA,TotalEnergies,2019,4938.990674,1589669.8497,9387864.0,42
AGUADA DE LA ARENA,YPF,2025,7875.36,1563615.11,9252972.0,36
EL OREJANO,YPF,2019,6723.11,1561308.15,9232154.0,84
LA CALERA,Pluspetrol,2021,319636.1,1203285.679,9092984.0,27
AGUADA DE LA ARENA,YPF,2024,9542.53,1518607.78,8998546.0,34
RINCON DEL MANGRULLO,YPF,2025,5863.3,1522219.11,8996667.0,51
LOMA CAMPANA,YPF,2025,1243759.27,153322.7,8725463.0,194
AGUADA PICHANA ESTE VACA MUERTA,TotalEnergies,2021,3303.595446,1452966.11693,8572943.0,50
LOMA CAMPANA,YPF,2022,1171392.09,158537.82,8300969.0,170
LOMA CAMPANA-LLL,YPF,2015,743015.44,609979.87,8263758.0,350
LOMA CAMPANA-LLL,YPF,2017,914000.01,370451.2,7929397.0,399
LA AMARGA CHICA,YPF,2020,1122178.25,138942.55,7876094.0,69
LOMA CAMPANA-LLL,YPF,2016,748503.62,470263.53,7475898.0,377
EL TRAPIAL ESTE,Chevron,2026,824839.71,364758.94647,7335050.0,40
LOMA CAMPANA,YPF,2024,1032486.55,137407.32,7302903.0,183
EL MANGRULLO,Pampa Energía,2025,0.0,1239651.684649,7296586.0,18
LA CALERA,Pluspetrol,2020,223915.16,942430.701,6955528.0,13
RINCON DEL MANGRULLO,YPF,2021,6030.82,1162804.98,6882202.0,30
EL MANGRULLO,Pampa Energía,2024,26.19024,1165455.418709,6860039.0,18
EL OREJANO,YPF,2022,2788.3,1157723.44,6831900.0,94
RINCON DEL MANGRULLO,YPF,2026,4764.63,1153136.94,6817335.0,58
SIERRA CHATA,Pampa Energía,2023,4716.5878999999995,1148916.24187,6792192.0,13
EL OREJANO,YPF,2017,6642.7699999999995,1140013.87,6751908.0,67
EL TRAPIAL ESTE,Chevron,2025,763558.34,327315.67301,6729216.0,28
BANDURRIA SUR,YPF,2021,892290.98,160431.63,6556630.0,51
LOMA COLORADA,YPF,2025,968296.99,70125.91,6503152.0,64
AGUADA DE LA ARENA,YPF,2023,15732.83,1084840.59,6484326.0,31
LOMA CAMPANA,YPF,2021,857294.18,130554.67,6160648.0,151
BAJO DEL CHOIQUE,Pluspetrol,2025,681772.82,281592.41,5945663.0,33
LOMA CAMPANA-LLL,YPF,2014,623100.75,329667.86,5859643.0,230
CRUZ DE LORENA,Shell,2022,845868.41,83508.47,5811869.0,43
LOMA CAMPANA,YPF,2026,825921.36,104746.59,5811414.0,194
EL OREJANO,YPF,2021,1475.3799999999999,976730.11,5758316.0,94
LINDERO ATRAVESADO OCCIDENTAL,Pan American Energy,2025,837983.596019,78745.808304,5734257.0,64
AGUADA DE LA ARENA,YPF,2022,26966.87,910185.36,5526965.0,22
CRUZ DE LORENA,Shell,2024,793398.18,88550.97,5511529.0,64
LOMA CAMPANA,YPF,2019,749128.14,120109.85,5418827.0,140
CRUZ DE LORENA,Shell,2023,772567.92,79419.89,5326744.0,55
LA AMARGA CHICA,YPF,2019,732414.9,102314.64,5208970.0,54
AGUADA DE LA ARENA,YPF,2026,3454.22,880117.53,5202100.0,41
LOMA CAMPANA,YPF,2017,711996.31,122144.65,5197265.0,125
BAJADA DEL PALO OESTE,Vista Energy,2021,748177.169,80385.18000000001,5179032.0,24
RINCON DE ARANDA,Pampa Energía,2026,763989.675823,61086.207121,5164898.0,54
LOMA CAMPANA,YPF,2016,714049.2,109186.58,5133901.0,117
EL OREJANO,YPF,2023,2074.32,865600.66,5107989.0,94
LOMA COLORADA,YPF,2026,750427.66,60748.99,5077615.0,64
BAJADA DEL PALO ESTE,Vista Energy,2025,748536.826,37258.76,4927453.0,27
CRUZ DE LORENA,Shell,2025,709406.95,75169.45,4904473.0,68
LINDERO ATRAVESADO OCCIDENTAL,Pan American Energy,2024,689105.423583,55093.757921,4658626.0,55
LOMA CAMPANA,YPF,2020,640566.27,100070.64,4618052.0,142
LINDERO ATRAVESADO OCCIDENTAL,Pan American Energy,2023,682923.82909,51000.907725,4595631.0,46
LOMA COLORADA,YPF,2024,654515.64,51355.7,4419050.0,34
MATA MORA NORTE,Kilwer,2024,656570.88574,46806.573412,4405203.0,32
LOMA CAMPANA,YPF,2018,605901.76,99937.67,4399242.0,133
AGUADA PICHANA OESTE,Pan American Energy,2021,0.0,744821.3439,4384015.0,15
EL OREJANO,YPF,2020,871.59,717255.4,4227250.0,84
LINDERO ATRAVESADO OCCIDENTAL,Pan American Energy,2026,589321.355574,67815.534076,4105882.0,69
MATA MORA NORTE,Kilwer,2025,601489.07131,43598.200752,4039862.0,40
COIRON AMARGO SUR ESTE,Pan American Energy,2025,582598.42349,36810.80061,3881097.0,32
BAJO DEL CHOIQUE,ExxonMobil,2023,428331.26,179726.06,3751984.0,24
LINDERO ATRAVESADO OCCIDENTAL,Pan American Energy,2022,553237.735348,44058.105399,3739077.0,33
CRUZ DE LORENA,Shell,2026,541024.89,54371.86,3722966.0,75
LA ANGOSTURA SUR II,YPF,2026,467535.49,130929.91,3711355.0,15
BAJADA DE AÑELO,Shell,2026,314517.23,293897.6,3708128.0,30
RINCON DE ARANDA,Pampa Energía,2025,552887.570645,38911.979674,3706588.0,29
EL MANGRULLO,Pampa Energía,2026,0.0,620393.466433,3651636.0,18
BAJO DEL CHOIQUE,ExxonMobil,2022,419672.63,171529.09,3649278.0,24
RINCON DEL MANGRULLO,YPF,2020,3511.12,611993.43,3624278.0,13
CRUZ DE LORENA,Shell,2021,523229.05,54308.35,3610660.0,39
AGUADA PICHANA ESTE VACA MUERTA,TotalEnergies,2018,43.799605,606662.908168,3571084.0,32
SIERRAS BLANCAS,Shell,2023,521371.76,47410.68,3558385.0,31
BAJADA DEL PALO ESTE,Vista Energy,2026,536668.442,26603.855,3532131.0,37
SIERRAS BLANCAS,Shell,2025,509638.24,50589.28,3503285.0,48
AGUADA DE LA ARENA,YPF,2021,22601.84,568181.79,3486484.0,19
COIRON AMARGO SUR OESTE,Shell,2024,505312.0,46618.7,3452715.0,35
BANDURRIA SUR,YPF,2020,469059.24,78891.95,3414646.0,25
MATA MORA NORTE,Phoenix,2026,498888.06972,31556.065496,3323650.0,55
RINCON DEL MANGRULLO,YPF,2019,3441.68,556010.66,3294329.0,13
EL OREJANO,YPF,2024,1146.0,554559.88,3271351.0,95
BAJO DEL CHOIQUE,ExxonMobil,2024,344800.99,180283.139,3229883.0,27
MEDANO DE LA MORA,Vista Energy,2021,444736.865,67425.846,3194176.0,17
SIERRAS BLANCAS,Shell,2024,465903.96,44143.45,3190279.0,44
EL OREJANO,YPF,2025,1406.16,540148.73,3188164.0,95
LA AMARGA CHICA,YPF,2018,439649.77999999997,49098.45,3054300.0,34
EL MANGRULLO,Pampa Energía,2023,0.0,518657.4638,3052820.0,15
COIRON AMARGO SUR OESTE,Shell,2025,440163.88,42484.94,3018604.0,39
MEDANO DE LA MORA,Vista Energy,2020,421780.707,52151.211,2959881.0,17
EL OREJANO,YPF,2016,3682.12,469813.48,2788482.0,44
COIRON AMARGO SUR ESTE,Pan American Energy,2024,421735.171827,18989.185348,2764415.0,28
MATA MORA NORTE,Kilwer,2023,403946.10957000003,28592.434262,2709033.0,24
LOMA CAMPANA,YPF,2015,374588.3,58819.2,2702287.0,84
AGUADA PICHANA OESTE,Pan American Energy,2020,0.0,448525.7525,2640023.0,8
AGUADA PICHANA OESTE,Pan American Energy,2019,0.0,436679.630282,2570297.0,6
COIRON AMARGO SUR OESTE,Shell,2022,365233.66,30776.05,2478394.0,15
COIRON AMARGO SUR ESTE,Pan American Energy,2026,370274.14224,23855.168295,2469361.0,46
COIRON AMARGO SUR OESTE,Shell,2023,363353.56,30436.08,2464572.0,31
EL TRAPIAL ESTE,Chevron,2024,269372.76,127653.08226,2445664.0,16
AGUADA PICHANA ESTE VACA MUERTA,TotalEnergies,2016,312.6,412176.6152,2428031.0,13
LOMA CAMPANA-LLL,YPF,2013,257757.64,135295.75,2417603.0,102
SIERRAS BLANCAS,Shell,2022,329794.5,33400.42,2270930.0,27
BAJADA DEL PALO ESTE,Vista Energy,2024,343106.816,15110.02,2247012.0,18
SIERRAS BLANCAS,Shell,2026,324899.45,34159.43,2244618.0,48
AGUADA DE LA ARENA,YPF,2020,16500.13,331162.62,2053000.0,9
LA RIBERA BLOQUE I,YPF,2023,50477.14,291201.71,2031506.0,20
AGUADA PICHANA OESTE,Pan American Energy,2018,0.0,343985.5602,2024697.0,5
AGUADA DE LA ARENA,YPF,2019,26428.36,313485.02999999997,2011404.0,9
BANDURRIA SUR,YPF,2019,278396.69,42849.93,2003276.0,21
PUESTO PARADA NC,Tecpetrol,2025,289824.8637,21263.814801,1948096.0,14
BAJO DEL CHOIQUE,ExxonMobil,2021,215907.68,99650.97171,1944566.0,12
AGUADA DE CASTRO,Pan American Energy,2024,0.0,330135.85336,1943183.0,10
AGUADA DE CASTRO,Pan American Energy,2022,0.0,329835.687135,1941412.0,7
MEDANO DE LA MORA,Vista Energy,2022,268016.236,37844.024,1908528.0,17
LA RIBERA BLOQUE I,YPF,2021,33086.74,288485.82,1906135.0,17
AGUADA FEDERAL,Vista Energy,2023,265866.492389,39666.006480128,1905719.0,19
LA ANGOSTURA SUR II,YPF,2025,228997.88,77889.71,1898811.0,14
LOMA COLORADA,YPF,2023,278854.29,23150.76,1890200.0,10
LA RIBERA BLOQUE I,YPF,2020,42971.08,270292.38,1861222.0,13
AGUADA CÁNEPA,Pan American Energy,2025,280417.1955,14151.130271,1847061.0,12
MEDANO DE LA MORA,Vista Energy,2019,258528.264,31108.228,1809194.0,9
AGUADA FEDERAL,Vista Energy,2024,248936.08000000002,40598.943,1804727.0,22
AGUADA FEDERAL,Vista Energy,2025,247223.575,41866.048,1801417.0,26
SIERRAS BLANCAS,Shell,2020,264170.7,23234.27,1798338.0,19
COIRON AMARGO SUR ESTE,Pan American Energy,2023,270990.2063,12905.91794,1780433.0,16
LA CALERA,Pluspetrol,2019,65399.73,230743.473,1769511.0,13
LINDERO ATRAVESADO OCCIDENTAL,Pan American Energy,2021,254196.827321,20827.967933,1721440.0,22
BAJO DEL TORO NORTE,YPF,2025,229713.68,45434.82,1712274.0,22
BAJO DEL CHOIQUE,ExxonMobil,2020,199102.31,75475.608,1696567.0,6
BAJADA DE AÑELO,Shell,2022,137742.47,137946.63,1678330.0,16
AGUADA FEDERAL,Vista Energy,2026,230551.65899999999,34400.669,1652609.0,30
LA RIBERA BLOQUE I,YPF,2019,37697.4,239282.61000000002,1645522.0,13
COIRON AMARGO SUR OESTE,Shell,2026,234980.76,21874.84,1606737.0,39
LA RIBERA BLOQUE I,YPF,2024,35830.78,233770.78,1601351.0,20
SIERRAS BLANCAS,Shell,2021,230140.04,21844.75,1576112.0,19
MEDANO DE LA MORA,Vista Energy,2023,205237.766725,45987.18815271,1561591.0,17
LA RIBERA BLOQUE I,YPF,2022,27473.2,233402.63999999998,1546608.0,20
AGUADA LOS LOROS,ExxonMobil,2020,76054.75,180836.67838,1542774.0,7
BAJADA DEL PALO ESTE,Vista Energy,2023,235760.62020499998,9015.98416638,1535954.0,4
CRUZ DE LORENA,Shell,2020,219653.48,23525.42,1520044.0,17
PAMPA DE LAS YEGUAS I,ExxonMobil,2019,0.0,256256.9,1508326.0,4
LA ESCALONADA,TotalEnergies,2024,166481.339505,74565.255816068,1486026.0,8
FORTIN DE PIEDRA,Tecpetrol,2017,14600.854601000001,236836.88017,1485861.0,8
LOMA CAMPANA,YPF,2014,205323.07,32336.86,1481767.0,59
BAJO DEL TORO NORTE,YPF,2024,199333.96,38353.53,1479517.0,18
PUESTO PARADA NC,Tecpetrol,2026,217219.61606,17613.124366,1469935.0,17
EL OREJANO,YPF,2015,1419.32,246964.55,1462560.0,19
LA RIBERA BLOQUE I,YPF,2025,31658.74,205855.36000000002,1410792.0,20
PAMPA DE LAS YEGUAS I,ExxonMobil,2020,1.6,239204.03399999999,1407967.0,4
BAJADA DE AÑELO,Shell,2021,100081.6,127920.67,1382437.0,16
RINCON LA CENIZA,TotalEnergies,2020,100492.852,125666.12320542,1371748.0,16
LA AMARGA CHICA,YPF,2017,194651.61,22193.29,1354950.0,20
AGUADA DE CASTRO,Pan American Energy,2023,0.0,226228.3294,1331580.0,7
LA ESCALONADA,TotalEnergies,2025,156505.011618,56919.396718099,1319412.0,8
BANDURRIA CENTRO,Pan American Energy,2019,172152.46708,39786.785766,1316984.0,22
LINDERO ATRAVESADO OCCIDENTAL,Pan American Energy,2020,191962.044419,18424.71262,1315856.0,10
EL TRAPIAL,Chevron,2021,150002.72,63139.967000000004,1315127.0,12
BAJO DEL TORO NORTE,YPF,2026,179338.78,31069.43,1310878.0,26
RINCON LA CENIZA,TotalEnergies,2019,81358.547,131656.13594071,1286659.0,16
RINCON DEL MANGRULLO,YPF,2018,1609.29,207636.38,1232273.0,3
COIRON AMARGO SUR ESTE,Pan American Energy,2022,185373.87222,9376.573513,1221150.0,16
CONFLUENCIA NORTE,Petrolera El Trébol,2025,182616.586,8892.07363,1200961.0,4
EL OREJANO,YPF,2026,703.38,202373.77,1195595.0,95
RINCON LA CENIZA,TotalEnergies,2021,88697.501,106629.5564588,1185511.0,16
LOS TOLDOS ESTE,Tecpetrol,2026,146114.39433,40294.00039,1156197.0,14
AGUADA DE CASTRO,Pan American Energy,2025,0.0,196314.33718,1155508.0,10
LA ESCALONADA,Vaca,2026,133864.72,49410.28,1132810.0,8
MEDANO DE LA MORA,Vista Energy,2024,156650.165,19532.708,1100262.0,17
AGUADA CÁNEPA,Pan American Energy,2026,166596.512,7305.117916,1090862.0,12
BAJADA DE AÑELO,Shell,2025,87482.49,90457.36,1082677.0,23
COIRON AMARGO SUR ESTE,Pan American Energy,2021,159491.297466,7501.20402,1047320.0,13
MEDANO DE LA MORA,Vista Energy,2025,145274.75,21325.434,1039275.0,17
AGUADA PICHANA ESTE VACA MUERTA,TotalEnergies,2017,110.24664800000001,176287.8714,1038322.0,15
LOMA CAMPANA-LLL,YPF,2012,112319.84,54007.41,1024359.0,34
COIRON AMARGO SUR ESTE,Pan American Energy,2020,155402.546512,7523.118899,1021736.0,10
SIERRA CHATA,Pampa Energía,2022,0.0,172672.9228,1016354.0,7
AGUADA FEDERAL,Vista Energy,2022,142796.684,15613.404999999999,990066.0,15
CERRO LAS NIÑAS,Tecpetrol,2025,81003.38115,81304.136531,988053.0,7
EL MANGRULLO,Pampa Energía,2020,0.0,163313.089,961259.0,3
BANDURRIA CENTRO,Pan American Energy,2020,120695.69191,34029.75503,959460.0,22
BANDURRIA CENTRO,Pan American Energy,2018,126153.095497,27075.801464,952850.0,18
LA ESCALONADA,TotalEnergies,2023,108271.206,42550.71,931458.0,6
AGUADA PICHANA ESTE VACA MUERTA,TotalEnergies,2015,581.4,155518.3689,919040.0,12
AGUADA DE CASTRO,Pan American Energy,2021,0.0,154451.0999,909102.0,7
NARAMBUENA,YPF,2026,119071.87,24949.74,895793.0,13
BANDURRIA CENTRO,Pan American Energy,2024,114683.630314,27095.357606,880819.0,24
BANDURRIA SUR,YPF,2018,117561.07,22239.85,870342.0,13
AGUADA CÁNEPA,Pan American Energy,2022,127500.4082,7921.07518,848578.0,4
LA ANGOSTURA SUR I,YPF,2024,112256.64,23938.11,846971.0,11
AGUADA LOS LOROS,ExxonMobil,2021,34732.64,105888.10255,841721.0,7
MATA MORA NORTE,Kilwer,2022,124671.79030000001,9254.8675,838634.0,12
LA RIBERA BLOQUE I,YPF,2026,19343.22,121387.38,836152.0,20
LINDERO ATRAVESADO OCCIDENTAL,Pan American Energy,2019,116005.583807,17082.892401,830203.0,9
SIERRAS BLANCAS,Shell,2019,119727.25,10722.21,816165.0,15
RINCON LA CENIZA,TotalEnergies,2022,56498.184,78267.067901,816035.0,16
CRUZ DE LORENA,O&G Developments,2018,118537.15279166664,11300.61194879901,812089.0,9
LOS TOLDOS ESTE,Tecpetrol,2025,105965.098761,24027.83612,807926.0,10
AGUADA DE CASTRO,Pan American Energy,2020,0.0,136620.6793,804150.0,4
AGUA DEL CAJON,Capex,2025,117918.91,10054.28,800869.0,16
CERRO LAS NIÑAS,Tecpetrol,2024,70518.21073,60430.82971,799239.0,7
AGUADA DE CASTRO,Pan American Energy,2019,0.0,133169.5543,783835.0,3
BAJADA DEL PALO ESTE,Vista Energy,2022,120023.196,4908.635,783814.0,3
LOMA JARILLOSA ESTE,Pluspetrol,2023,117894.31999999999,5582.994,774394.0,6
EL TRAPIAL,Chevron,2022,89235.04,35594.6924,770784.0,12
AGUADA LOS LOROS,ExxonMobil,2019,38658.85,85389.622,745765.0,7
MATA MORA NORTE,Petrolera El Trébol,2026,110693.6006,7595.84247,740947.0,44
BAJADA DE AÑELO,Shell,2020,59190.229999999996,62578.81,740632.0,11
BAJO DEL CHOIQUE,ExxonMobil,2018,84787.36,34897.2412,738704.0,3
PAMPA DE LAS YEGUAS I,ExxonMobil,2021,0.43,125056.85078,736089.0,4
LOS TOLDOS ESTE,Tecpetrol,2023,96652.282,20204.53266,726850.0,7
BAJO DEL TORO NORTE,YPF,2023,95944.58,18152.12,710313.0,14
AGUADA DE LA ARENA,YPF,2018,1860.29,118161.02,707196.0,3
AGUADA DE CASTRO,Pan American Energy,2026,0.0,116494.675038,685688.0,10
BANDURRIA CENTRO,Pan American Energy,2021,86090.305924,24355.918979000002,684854.0,22
NARAMBUENA,YPF,2021,86971.87999999999,21811.65,675421.0,9
CONFLUENCIA NORTE,Phoenix,2026,100898.5801,6411.50111,672371.0,4
AGUADA CÁNEPA,Pan American Energy,2023,95629.7793,6628.43496,640505.0,4
LA AMARGA CHICA,YPF,2016,93180.17,9002.28,639072.0,11
LOMA JARILLOSA ESTE,Pluspetrol,2025,93097.6893,7446.02631,629392.0,11
LA ANGOSTURA SUR I,YPF,2023,80825.08,17161.8,609387.0,3
LOMA COLORADA,YPF,2022,92093.54,4438.91,605379.0,6
RINCON LA CENIZA,TotalEnergies,2018,30989.737000000005,69259.68299999999,602577.0,11
LOS TOLDOS ESTE,Tecpetrol,2024,81503.57002,14524.18802,598128.0,10
MEDANO DE LA MORA,Vista Energy,2026,81361.882,13136.895,589072.0,17
AGUILA MORA,Vista Energy,2023,69395.93701,25586.174,587087.0,5
AGUADA VILLANUEVA NORTE,Pluspetrol,2025,36005.655,58289.773,569561.0,2
SIERRA CHATA,Pampa Energía,2021,0.0,96497.54283,567984.0,2
LA ESCALONADA,Vaca,2025,66350.27,24879.13,563767.0,8
AGUADA CÁNEPA,Pan American Energy,2024,82193.3502,5140.99535,547242.0,4
LAS TACANAS II,YPF,2025,17741.97,73250.32,542747.0,3
SIERRAS BLANCAS,O&G Developments,2017,78842.03,7853.2144,542120.0,8
COIRON AMARGO SUR OESTE,Shell,2019,77764.58,8353.25,538290.0,4
EL MANGRULLO,Pampa Energía,2021,0.0,89962.033,529517.0,3
BANDURRIA CENTRO,Pan American Energy,2025,67821.261877,16297.317024,522510.0,24
AGUADA LOS LOROS,ExxonMobil,2018,30484.9,55719.62587,519710.0,4
PAMPA DE LAS YEGUAS I,ExxonMobil,2022,0.0,88107.12,518599.0,4
PUESTO PARADA NC,Tecpetrol,2023,78074.0241,3438.34997,511308.0,3
BAJO DEL TORO NORTE,YPF,2022,67550.33,13055.56,501724.0,10
EL MANGRULLO,Pampa Energía,2019,0.0,84666.0425,498346.0,3
CONFLUENCIA SUR,Phoenix,2026,74696.84,4613.975,496985.0,4
LOMA JARILLOSA ESTE,Pluspetrol,2024,72326.121,4770.856,483001.0,10
BANDURRIA CENTRO,Pan American Energy,2022,62562.96756,14903.066639,481237.0,22
AGUADA CÁNEPA,Pan American Energy,2020,72903.56142,3850.14115,481208.0,2
SIERRA BARROSA,YPF,2026,67036.69,9960.11,480272.0,9
EL TRAPIAL,Chevron,2023,51895.13,23563.195200000002,465103.0,12
AGUA DEL CAJON,Capex,2024,68211.52,5767.41,462983.0,12
AGUADA FEDERAL,Wintershall,2020,64998.09,8006.908,455954.0,9
SAN ROQUE VACA MUERTA,TotalEnergies,2019,53391.652015,20333.167725,455504.0,8
RINCON LA CENIZA,TotalEnergies,2023,29365.889,45383.671640078,451829.0,16
BAJO DEL CHOIQUE,ExxonMobil,2019,45212.62,27413.48,445734.0,6
BAJO DEL TORO NORTE,YPF,2019,56140.78,14655.47,439378.0,4
SIERRAS BLANCAS,O&G Developments,2018,62634.95358333334,7117.606692706193,435853.0,8
AGUA DEL CAJON,Capex,2026,63528.2,5720.68,433255.0,16
CRUZ DE LORENA,O&G Developments,2017,62356.16,6370.1355,429704.0,6
MESETA BUENA ESPERANZA I,YPF,2026,13080.92,58701.19,427792.0,2
BANDURRIA CENTRO,Pan American Energy,2023,52983.129918,14408.686687,418067.0,24
RINCON LA CENIZA,TotalEnergies,2017,16056.7,52741.9,411431.0,9
EL OREJANO,YPF,2014,54.35,68026.13,400746.0,11
AGUADA LOS LOROS,ExxonMobil,2022,18572.82,43916.3,375312.0,7
EL MANGRULLO,Pampa Energía,2022,0.0,63763.100951,375310.0,3
EL TRAPIAL,Chevron,2024,44989.16,15551.93783,374514.0,12
LOMA CAMPANA-LLL,YPF,2011,39708.56,19688.63,365648.0,17
PAMPA DE LAS YEGUAS I,ExxonMobil,2024,0.0,61941.89,364591.0,4
NARAMBUENA,YPF,2022,46165.43,12597.68,364522.0,9
CRUZ DE LORENA,Shell,2019,51426.020000000004,5361.72,355017.0,9
PUESTO PARADA NC,Tecpetrol,2024,53420.9444,3201.11448,354850.0,3
RINCON DE ARANDA,Pampa Energía,2024,52455.955,3895.92903,352871.0,3
EL TRAPIAL,Chevron,2025,39908.3,16710.55699,349370.0,12
RINCON LA CENIZA,TotalEnergies,2024,23349.973842,33624.09297467,344778.0,16
BAJO DEL TORO,YPF,2026,47560.68,7699.42,344465.0,3
AGUILA MORA,Vista Energy,2024,38692.926,16741.289,341912.0,6
LA RIBERA BLOQUE I,YPF,2018,5272.08,51836.78,338271.0,5
AGUADA CÁNEPA,Pan American Energy,2021,51271.6303,2672.051229,338217.0,2
COIRON AMARGO SUR OESTE,Shell,2020,46479.03,4217.18,317168.0,4
RINCON LA CENIZA,TotalEnergies,2016,12750.72,40214.512,316903.0,7
LOMA JARILLOSA ESTE,Geopark,2026,46379.413,4112.92193,315927.0,14
SIERRA BARROSA,YPF,2021,29798.82,19997.46,305133.0,5
AGUADA FEDERAL,Wintershall,2021,40959.46,5808.24,291811.0,9
CERRO LAS NIÑAS,Tecpetrol,2026,25044.573289,22237.899505,288416.0,7
CONFLUENCIA NORTE,Petrolera El Trébol,2024,44566.9003,1352.764,288279.0,3
LOMA CAMPANA,YPF,2013,40789.93,4793.61,284774.0,28
MATA MORA NORTE,Petrolera El Trébol,2025,42121.0639,2983.202316,282491.0,40
BAJO DEL CHOIQUE,ExxonMobil,2025,30306.86,15480.85,281744.0,27
BANDURRIA NORTE,Wintershall,2018,30403.383,14851.195,278644.0,5
AGUADA LOS LOROS,ExxonMobil,2024,16211.8,29807.618,277416.0,7
BANDURRIA CENTRO,Pan American Energy,2026,34903.667687,8805.365553,271365.0,24
MESETA BUENA ESPERANZA I,Pluspetrol,2026,7947.352,37575.269,271157.0,2
SIERRAS BLANCAS,O&G Developments,2015,39504.61,3206.58,267347.0,4
AGUADA VILLANUEVA NORTE,YPF,2026,15262.46,28029.38,260979.0,2
BAJADA DE AÑELO,Shell,2019,21976.48,20431.12,258484.0,11
LOMA AMARILLA SUR,YPF,2024,35255.96,5637.83,254938.0,6
LA ANGOSTURA SUR I,YPF,2020,30805.43,10154.32,253529.0,1
AGUADA VILLANUEVA NORTE,Pluspetrol,2026,14015.293,28021.27,253086.0,2
EL TRAPIAL ESTE,Chevron,2023,27858.85,13141.35419,252576.0,8
SAN ROQUE VACA MUERTA,TotalEnergies,2020,30717.78072,10013.271923,252145.0,8
PARVA NEGRA,Pampa Energía,2026,0.0,42498.08,250143.0,1
CONFLUENCIA NORTE,Petrolera El Trébol,2026,37613.6415,2063.37833,248727.0,4
BAJO DEL TORO NORTE,YPF,2020,32667.989999999998,7283.41,248345.0,4
CONFLUENCIA SUR,Petrolera El Trébol,2026,36381.453,1923.846,240156.0,4
AGUADA LOS LOROS,Pluspetrol,2025,12097.97,27448.24,237654.0,7
SIERRA BARROSA,YPF,2020,21497.68,15824.58,228361.0,4
AGUADA PICHANA ESTE VACA MUERTA,TotalEnergies,2014,805.46676,37881.299399999996,228036.0,6
LOMA AMARILLA SUR,YPF,2023,32721.55,3580.04,226884.0,5
COIRON AMARGO SUR ESTE,Pan American Energy,2019,34408.34183,1739.00004,226656.0,7
CHIHUIDO DE LA SIERRA NEGRA,YPF,2021,25355.57,11290.51,225935.0,2
PAMPA DE LAS YEGUAS I,ExxonMobil,2023,0.0,37484.86,220635.0,4
CHIHUIDO DE LA SIERRA NEGRA,YPF,2022,18459.71,17226.02,217500.0,2
PAMPA DE LAS YEGUAS I,Pluspetrol,2025,0.59,36695.05,215991.0,4
LA ANGOSTURA SUR I,YPF,2022,27375.79,7410.24,215803.0,3
CHIHUIDO DE LA SIERRA NEGRA,YPF,2023,13784.47,21807.0,215058.0,2
CN VII A,YPF,2025,10249.93,25537.92,214787.0,1
AGUADA FEDERAL,Wintershall,2019,31151.260000000002,3201.32,214778.0,9
COIRON AMARGO SUR OESTE,Shell,2021,31965.13,2034.67,213029.0,8
RIO NEUQUEN,YPF,2025,31072.04,2537.77,210375.0,2
RINCON LA CENIZA,Vaca,2026,16626.18,17872.4,209773.0,18
AGUILA MORA,Vista Energy,2025,23663.36,9687.805,205861.0,7
CONFLUENCIA SUR,Petrolera El Trébol,2025,30342.837,1983.543571,202524.0,4
BANDURRIA NORTE,Wintershall,2019,21359.422,11386.583,201368.0,5
LA ANGOSTURA SUR II,YPF,2019,25434.95,6894.9800000000005,200565.0,1
EL TRAPIAL,Chevron,2026,25734.97,6553.622530000001,200440.0,12
MESETA BUENA ESPERANZA I,Pluspetrol,2025,6003.861,27339.714,198684.0,2
BANDURRIA SUR,YPF,2017,23897.3,7863.67,196596.0,5
RINCON DEL MANGRULLO,YPF,2017,290.19,32436.59,192749.0,3
COIRON AMARGO SUR OESTE,O&G Developments,2018,27680.07671266667,3050.367028724156,192056.0,1
BAJADA DE AÑELO,O&G Developments,2018,19881.543695250002,10175.77547,184947.0,5
LA ANGOSTURA SUR II,YPF,2020,21920.0,7951.78,184677.0,1
MATA MORA NORTE,Kilwer,2019,26704.349,2064.16295,180115.0,3
CHIHUIDO DE LA SIERRA NEGRA,YPF,2020,23522.85,5403.91,179761.0,2
AGUADA LOS LOROS,Pluspetrol,2026,8047.71,21535.69,177375.0,7
BANDURRIA CENTRO,Pan American Energy,2017,20575.768490000002,7633.71091,174348.0,7
AGUADA LOS LOROS,ExxonMobil,2017,132.45,29208.658,172754.0,3
CHIHUIDO DE LA SIERRA NEGRA,YPF,2024,10177.48,18065.57,170350.0,2
PARVA NEGRA ESTE,Petrobras,2018,0.0,27913.069,164297.0,1
SIERRA BARROSA,YPF,2022,14167.0,12494.31,162652.0,5
RIO NEUQUEN,YPF,2026,24240.64,1666.17,162275.0,2
BANDURRIA SUR,YPF,2016,19531.91,6618.2,161808.0,4
CN VII A,YPF,2024,9713.46,16641.43,159046.0,1
PAMPA DE LAS YEGUAS I,Pluspetrol,2026,5.18,25718.79,151413.0,4
MATA MORA NORTE,Kilwer,2021,22231.533,1800.85556,150433.0,3
AGUADA FEDERAL,Wintershall,2017,21085.49,2990.303,150225.0,7
AGUADA LOS LOROS,ExxonMobil,2023,8057.54,16728.8,149148.0,7
COIRON AMARGO SUR ESTE,Pan American Energy,2018,22843.318328999998,871.65,148812.0,5
SAN ROQUE VACA MUERTA,TotalEnergies,2021,17633.74225,5889.421669,145579.0,8
LA ANGOSTURA SUR I,YPF,2021,17002.48,6501.61,145211.0,1
CHIHUIDO DE LA SIERRA NEGRA,YPF,2025,7993.71,15667.09,142497.0,2
BAJO DEL CHOIQUE,ExxonMobil,2014,17902.59,4948.566,141731.0,1
LAS MANADAS,YPF,2020,17937.43,4895.69,141644.0,3
LA ANGOSTURA SUR I,YPF,2019,17412.77,4784.0,137681.0,1
SIERRA BARROSA,YPF,2023,13747.05,8653.43,137399.0,5
CRUZ DE LORENA,O&G Developments,2019,19729.518612252476,1885.2631713759424,135191.0,9
LOMA RANQUELES,Tecpetrol,2020,0.0,22748.786,133900.0,2
RINCON LA CENIZA,TotalEnergies,2025,9796.455,12119.580981347,132953.0,16
CRUZ DE LORENA,O&G Developments,2016,19351.48,1850.25,132607.0,4
NARAMBUENA,YPF,2016,20672.89,88.17999999999999,130548.0,5
BANDURRIA SUR,YPF,2013,17302.66,3523.4700000000003,129570.0,2
LOS TOLDOS ESTE,Americas Petrogas,2017,17738.416,2943.395,128896.0,2
LA ANGOSTURA SUR II,YPF,2021,14862.5,5863.5,127994.0,1
CN VII A,YPF,2026,5942.16,15288.29,127361.0,1
LAS MANADAS,YPF,2019,16330.69,3798.48,125075.0,3
PUESTO PARADA,Tecpetrol,2022,18535.518,1388.08868,124753.0,1
LAS TACANAS II,YPF,2026,3194.87,16763.3,118765.0,3
NARAMBUENA,YPF,2017,16293.84,2753.48,118691.0,5
SIERRA BARROSA,YPF,2024,11128.83,7109.56,111843.0,6
LA ESCALONADA,TotalEnergies,2017,12411.55,5653.525,111343.0,3
LOMA LA LATA,YPF,2019,2837.31,15627.07,109827.0,4
BAJADA DEL PALO OESTE,Vista Energy,2020,16220.511999999999,1089.73,108438.0,8
AGUILA MORA,O&G Developments,2015,14474.0,2869.6,107929.0,3
SAN ROQUE VACA MUERTA,TotalEnergies,2018,12389.40587,4646.837686,105277.0,6
LA RIBERA BLOQUE I,YPF,2015,3029.37,14448.5,104099.0,1
LOMA CAMPANA,YPF,2012,14294.53,2395.75,104010.0,2
MATA MORA NORTE,Kilwer,2020,15273.169,1203.91367,103152.0,3
SAN ROQUE VACA MUERTA,TotalEnergies,2022,12472.153479,4051.619538,102294.0,8
BAJADA DE AÑELO,YPF,2016,8081.88,8742.21,102289.0,4
AGUADA FEDERAL,Wintershall,2018,14153.476,2244.55475,102235.0,7
NARAMBUENA,YPF,2023,12635.39,3682.04,101148.0,9
LA ANGOSTURA SUR II,YPF,2022,11446.37,4852.07,100554.0,1
CRUZ DE LORENA,O&G Developments,2014,14743.0,1262.1,100160.0,1
PUESTO ROJAS,Petroquimica,2024,12754.755326,3057.17224,98219.0,9
PUESTO PARADA,Tecpetrol,2024,13381.6503,2048.69728,96227.0,1
PARVA NEGRA ESTE,Pampa Energía,2018,0.0,16242.243,95603.0,1
LAS MANADAS,YPF,2021,10641.6,4705.23,94629.0,3
AGUILA MORA,Vista Energy,2026,12158.147,2947.851,93824.0,7
PARVA NEGRA,Pampa Energía,2025,0.0,15867.067,93393.0,1
LOMA JARILLOSA ESTE,Geopark,2025,13370.19,1240.1674,91396.0,11
MALAL DEL MEDIO,YPF,2024,5807.48,9317.63,91371.0,39
SAN ROQUE VACA MUERTA,TotalEnergies,2024,11097.45703,3534.553441,90607.0,8
BARDA GONZALEZ,YPF,2020,10483.11,4168.94,90473.0,1
PUESTO ROJAS,Petrolera El Trébol,2019,13424.44,881.76021,89626.0,9
LOS TOLDOS ESTE,Tecpetrol,2022,12015.88544,2080.09834,87821.0,5
SIERRAS BLANCAS,O&G Developments,2016,12603.95,1243.98,86598.0,5
SAN ROQUE VACA MUERTA,TotalEnergies,2014,9827.53772,4090.056771,85887.0,4
BANDURRIA SUR,YPF,2015,11228.76,2517.14,85442.0,3
SIERRA BARROSA,YPF,2025,9668.37,4005.6000000000004,84386.0,9
LA ANGOSTURA SUR II,YPF,2023,8795.869999999999,4416.24,81319.0,1
AGUA DEL CAJON,Capex,2023,11322.85,1530.8600000000001,80229.0,8
LA ANGOSTURA SUR II,YPF,2024,8113.43,4893.89,79838.0,1
AGUILA MORA,O&G Developments,2014,10098.0,2764.8,79787.0,3
LOMA ANCHA,Tecpetrol,2018,0.0,13521.254,79586.0,2
PUESTO PARADA,Tecpetrol,2023,11781.0632,770.88996,78638.0,1
AGUA DE AFUERA,ExxonMobil,2024,8971.0,3662.87,77985.0,4
MALAL DEL MEDIO,YPF,2025,5768.49,6922.09,77027.0,39
EL TRAPIAL,Chevron,2020,9129.13,3273.77525,76690.0,8
BAJO DEL CHOIQUE,ExxonMobil,2015,9255.289999999999,3037.28,76093.0,1
PARVA NEGRA ESTE,Pampa Energía,2019,0.0,12565.0781,73958.0,1
SIERRAS BLANCAS,O&G Developments,2013,10973.0,814.627,73812.0,2
SIERRAS BLANCAS,O&G Developments,2019,10495.219547372293,1273.3227157053266,73509.0,8
BAJO DEL TORO NORTE,YPF,2015,10544.37,1188.94,73318.0,2
NARAMBUENA,YPF,2018,9244.48,2572.29,73287.0,5
BANDURRIA SUR,YPF,2014,9964.98,1621.0,72218.0,2
LOS CAVAOS,YPF,2024,6406.08,5373.76,71924.0,106
BANDURRIA NORTE,Vista Energy,2025,6926.478,4388.846,69399.0,5
FORTIN DE PIEDRA,Tecpetrol,2016,472.046999,11143.345,68558.0,3
BAJADA DE AÑELO,YPF,2015,4555.83,6755.11,68414.0,3
AGUADA CÁNEPA,Pan American Energy,2019,10153.37,687.0217,67907.0,1
NARAMBUENA,YPF,2020,7772.39,3044.2,66805.0,7
NARAMBUENA,YPF,2019,7567.61,3144.85,66109.0,5
SAN ROQUE VACA MUERTA,TotalEnergies,2023,8188.972731,2354.980363,65367.0,8
LA ESCALONADA,TotalEnergies,2016,7430.862999999999,3164.6059999999998,65366.0,3
PAMPA DE LAS YEGUAS I,ExxonMobil,2017,0.0,11069.06544,65153.0,1
LA RIBERA BLOQUE I,YPF,2017,772.3100000000001,10190.77,64841.0,3
LA ESCALONADA,TotalEnergies,2020,7273.05,3102.583,64010.0,3
BAJO DEL CHOIQUE,ExxonMobil,2017,8108.99,2163.582,63738.0,2
LOS CAVAOS,YPF,2025,5643.92,4758.35,63499.0,106
BANDURRIA NORTE,Wintershall,2017,6440.14,3754.0969999999998,62604.0,2
LA AMARGA CHICA,YPF,2013,8785.57,1140.32,61973.0,2
PAMPA DE LAS YEGUAS I,YPF,2016,0.0,10435.85,61427.0,1
PUESTO ROJAS,Petroquimica,2025,7484.230384,2324.269753,60755.0,9
BAJO DEL TORO NORTE,YPF,2021,7449.93,2266.7000000000003,60201.0,4
FORTIN DE PIEDRA,Tecpetrol,2015,404.73400899999996,9360.76031,57641.0,2
PASO DE LAS BARDAS NORTE,YPF,2024,7476.67,1738.58,57261.0,1
LA CALERA,Pluspetrol,2018,2739.26,6661.23,56438.0,1
PUESTO PARADA,Tecpetrol,2025,8136.909199999999,768.067396,55700.0,1
LOMA COLORADA,YPF,2021,8322.23,326.52,54267.0,2
SIERRA CHATA,Petrobras,2014,11.135,9129.998,53808.0,1
BARDA GONZALEZ,YPF,2021,5188.0199999999995,3567.7599999999998,53631.0,1
CRUZ DE LORENA,O&G Developments,2015,7794.0599999999995,737.89,53364.0,4
RINCON LA CENIZA,TotalEnergies,2014,2097.233,6787.064,53140.0,3
AGUADA PICHANA ESTE VACA MUERTA,TotalEnergies,2012,22.74,8989.337,53054.0,1
RINCON DE ARANDA,Pampa Energía,2020,8015.415,436.012,52982.0,2
LINDERO ATRAVESADO OCCIDENTAL,Pan American Energy,2018,6992.629831,1369.112111,52040.0,2
BAJADA DE AÑELO,O&G Developments,2019,5358.01,3075.438,51803.0,5
BAJADA DE AÑELO,YPF,2014,3700.29,4718.2699999999995,51045.0,3
RINCON LA CENIZA,Vaca,2025,3806.72,4584.39,50928.0,18
MALAL DEL MEDIO,YPF,2026,3611.98,4537.04,49419.0,39
LOMA RANQUELES,Tecpetrol,2019,0.0,8361.181,49214.0,2
EL OREJANO,YPF,2013,0.0,8322.02,48982.0,1
BAJADA DEL PALO,Petrolera,2009,6702.373,1037.645,48266.0,2
PUESTO PARADA,Tecpetrol,2021,7046.6759999999995,454.75582,46998.0,1
MEDANO DE LA MORA,Petrolera,2017,6107.342,1340.5819999999999,46305.0,1
CURAMCHED,Chevron,2014,3317.6,4275.465,46032.0,1
LA ESCALONADA,TotalEnergies,2021,4933.04,2442.467,45406.0,3
PAMPA DE LAS YEGUAS I,ExxonMobil,2025,0.0,7597.67,44720.0,4
CERRO NEGRO,YPF,2024,7003.95,79.92,44523.0,5
SAN ROQUE VACA MUERTA,TotalEnergies,2025,5309.3274759999995,1706.754809,43443.0,8
LA AMARGA CHICA,YPF,2014,6306.76,564.09,42988.0,2
BARDA GONZALEZ,YPF,2019,6104.76,764.58,42898.0,1
PARVA NEGRA ESTE,Pampa Energía,2020,0.0,7287.9686,42895.0,1
AGUADA FEDERAL,Wintershall,2016,6098.6,765.958,42868.0,3
MEDANO DE LA MORA,Petrolera,2015,5919.447,950.481,42825.0,1
BAJO DEL TORO NORTE,YPF,2016,5903.69,848.96,42131.0,2
LA INVERNADA,ExxonMobil,2014,4767.98,1975.24,41617.0,1
LOS CAVAOS,YPF,2026,4540.71,2215.02,41602.0,106
PARVA NEGRA ESTE,Petrobras,2017,0.0,6976.055,41062.0,1
AGUA DE AFUERA,ExxonMobil,2020,4724.48,1837.03,40529.0,2
BARDA GONZALEZ,YPF,2022,4290.88,2287.83,40455.0,1
COIRON AMARGO SUR ESTE,Pan American Energy,2017,6193.40281,124.16799999999999,39686.0,4
PAMPA DE LAS YEGUAS I,YPF,2017,0.0,6742.469999999999,39686.0,1
SIERRAS BLANCAS,O&G Developments,2014,5933.0,386.7,39594.0,2
LA INVERNADA,ExxonMobil,2015,4553.86,1844.972,39503.0,1
CHIHUIDO DE LA SIERRA NEGRA,YPF,2026,2260.66,4254.95,39262.0,4
LOS TOLDOS ESTE,Americas Petrogas,2018,5489.851,791.9531,39191.0,2
EL TRAPIAL,Chevron,2014,3943.3,2293.067,38299.0,3
NARAMBUENA,YPF,2015,5969.25,18.27,37653.0,3
LA RIBERA BLOQUE II,YPF,2019,507.73,5732.389999999999,36934.0,1
BAJADA DEL PALO,Petrolera,2010,5064.735,804.668,36592.0,2
SAN ROQUE VACA MUERTA,TotalEnergies,2015,4541.4,1361.1646,36578.0,4
PUESTO ROJAS,Petrolera El Trébol,2023,5683.120535999999,127.97999999999999,36499.0,9
AGUADA PICHANA ESTE VACA MUERTA,TotalEnergies,2013,8.34,6155.7468,36285.0,2
AGUADA DEL CHIVATO,Medanito,2013,4139.9800000000005,1736.49,36261.0,2
LA RIBERA BLOQUE II,YPF,2020,156.85,5868.05,35526.0,1
PUESTO ROJAS,Petrolera El Trébol,2020,4956.6498,718.56864,35406.0,9
PASO DE LAS BARDAS NORTE,YPF,2025,3991.0,1667.25,34916.0,1
BAJADA DEL PALO,Petrolera,2008,5094.747,432.393,34590.0,2
COIRON AMARGO SUR OESTE,O&G Developments,2019,4931.9768619999995,537.2043865391779,34183.0,1
BAJO DEL TORO NORTE,YPF,2012,4505.21,957.29,33971.0,1
BAJADA DEL PALO,Petrolera,2011,4358.899,1089.506,33828.0,2
AGUA DE AFUERA,ExxonMobil,2019,3898.3599999999997,1573.3899999999999,33781.0,2
PUESTO SILVA OESTE,Pluspetrol,2015,5346.68,0.0,33629.0,4
MEDANO DE LA MORA,Petrolera,2016,4562.081614000001,777.7645009,33272.0,1
AGUA DEL CAJON,Capex,2007,4464.820000000001,811.5,32859.0,1
PUESTO SILVA OESTE,Pluspetrol,2014,5183.46,0.0,32603.0,4
CERRO LAS NIÑAS,Tecpetrol,2018,0.0,5461.775799999999,32148.0,1
AGUADA LOS LOROS,ExxonMobil,2025,1611.56,3736.03,32126.0,7
AGUILA MORA,O&G Developments,2013,4108.0,1055.4,32050.0,1
BANDURRIA CENTRO,Pan American Energy,2016,4197.4083,883.15625,31598.0,1
LOMA CAMPANA,YPF,2011,4427.82,570.62,31210.0,1
LA RIBERA BLOQUE II,YPF,2018,667.37,4529.6,30859.0,1
SIERRA CHATA,Petrobras,2015,0.0,5232.5459,30798.0,1
LA ESCALONADA,TotalEnergies,2019,3485.0609999999997,1506.4540000000002,30788.0,3
RINCON LA CENIZA,TotalEnergies,2015,241.37,4892.321,30314.0,3
LA RIBERA BLOQUE II,YPF,2021,39.87,5090.66,30214.0,1
SAN ROQUE VACA MUERTA,TotalEnergies,2026,3649.1416,1193.3637469999999,29976.0,8
AGUADA DEL CHIVATO,Medanito,2012,3682.52,1154.691,29957.0,1
PAMPA DE LAS YEGUAS I,ExxonMobil,2018,0.0,5040.14245,29665.0,1
SAN ROQUE VACA MUERTA,TotalEnergies,2013,3717.88,1057.66333,29611.0,4
PARVA NEGRA ESTE,Pampa Energía,2021,0.0,5005.3,29461.0,1
EL TRAPIAL,Chevron,2013,1322.5,3564.624,29299.0,2
NARAMBUENA,YPF,2013,4611.84,0.0,29008.0,1
RINCON DE ARANDA,Pampa Energía,2019,4411.653,196.612,28906.0,2
PUESTO ROJAS,Petrolera El Trébol,2022,3101.985789,1585.322703,28841.0,9
BARDA GONZALEZ,YPF,2023,3394.12,1176.78,28276.0,1
LA ESCALONADA,TotalEnergies,2022,2948.45,1615.644,28054.0,3
BAJADA DE AÑELO,YPF,2017,2200.86,2347.45,27659.0,4
BAJADA DEL PALO,Petrolera,2012,3881.698,478.809,27232.0,2
PUESTO PARADA,Tecpetrol,2026,3977.2259,368.24865,27184.0,1
BAJADA DEL PALO,Petrolera,2013,4071.934,265.819,27176.0,2
AGUA DEL CAJON,Capex,2013,3047.15,1356.57,27148.0,5
LAS TACANAS II,YPF,2016,75.69,4517.400000000001,27066.0,1
LOMA LA LATA,YPF,2011,3269.0899999999997,1104.6399999999999,27064.0,1
LOMA ANCHA,Tecpetrol,2022,0.0,4523.7123,26626.0,3
CERRO NEGRO,Quintana,2026,3809.1365744575023,445.41666772828535,26580.0,5
LA AMARGA CHICA,YPF,2015,4048.67,144.14,26312.0,2
PUESTO SILVA OESTE,Pluspetrol,2016,4181.43,0.0,26297.0,4
PUESTO SILVA OESTE,Pluspetrol,2018,4172.85,0.0,26248.0,4
SIERRA BARROSA,YPF,2019,3566.31,590.8,25907.0,3
BARDA GONZALEZ,YPF,2024,2803.72,1326.27,25441.0,2
RIO GRANDE,YPF,2024,2007.34,2155.42,25310.0,8
PUESTO SILVA OESTE,Pluspetrol,2017,4017.07,0.0,25266.0,4
PUESTO SILVA OESTE,Pluspetrol,2013,3906.68,5.140000000000001,24601.0,3
RIO GRANDE,YPF,2025,1769.67,2277.86,24538.0,8
BAJADA DEL PALO,Petrolera,2014,3616.829,235.043,24131.0,2
BAJADA DEL PALO,Petrolera,2016,3613.978561,201.187728419,23916.0,2
LINDERO ATRAVESADO OCCIDENTAL,Pan American Energy,2012,3092.86051,753.99909,23893.0,1
AGUA DEL CAJON,Capex,2016,2885.14,964.84,23825.0,6
BAJO DEL TORO NORTE,YPF,2017,3215.38,534.0600000000001,23368.0,2
PUESTO ROJAS,Petroquimica,2026,2864.51147,880.45739,23200.0,10
BAJADA DEL PALO,Petrolera,2017,3426.504,265.834,23113.0,2
AGUADA DEL CHIVATO,Medanito,2014,2478.7,1274.81,23095.0,2
CERRO NEGRO,YPF,2025,3443.99,238.95000000000002,23068.0,5
PARVA NEGRA ESTE,Pampa Energía,2022,0.0,3876.4844000000003,22816.0,1
AGUILA MORA,Vista Energy,2020,2851.1580000000004,823.264,22779.0,3
PUESTO ROJAS,Petrolera El Trébol,2021,2398.217,1273.21846,22577.0,9
PUESTO SILVA OESTE,Pluspetrol,2019,3562.61,18.993,22523.0,4
AGUA DEL CAJON,Capex,2014,2752.96,870.74,22443.0,5
MEDANO DE LA MORA,Petrolera,2014,2665.042,927.86,22223.0,1
SIERRA BARROSA,YPF,2015,1771.93,1828.1200000000001,21904.0,2
BAJADA DE AÑELO,YPF,2011,2601.1,915.63,21749.0,1
BANDURRIA CENTRO,YPF,2015,2950.42,518.43,21609.0,1
BAJADA DEL PALO,Vista Energy,2019,3233.613,206.576,21555.0,2
LOS TOLDOS ESTE,Tecpetrol,2018,3024.611,393.90214000000003,21342.0,2
SIERRA CHATA,Petrobras,2016,0.0,3578.6762,21063.0,1
BANDURRIA NORTE,Wintershall,2016,2263.9900000000002,1150.217,21010.0,1
BAJADA DEL PALO,Petrolera,2015,3147.489,204.725,21000.0,2
LOMA JARILLOSA ESTE,Pluspetrol,2013,3251.82,90.679,20988.0,3
AGUA DEL CAJON,Capex,2017,2392.51,933.09,20541.0,7
BAJADA DEL PALO,Vista Energy,2021,2902.8450000000003,363.372,20395.0,2
LOMA DEL MOLLE,YPF,2016,99.19,3349.02,20336.0,2
LOMA CAMPANA-LLL,YPF,2010,1628.78,1692.6,20208.0,2
PUESTO PARADA NC,Tecpetrol,2022,3056.9880999999996,158.93984,20163.0,2
AGUA DE AFUERA,Americas Petrogas,2014,2178.88,1066.611,19985.0,1
RINCON DE ARANDA,Petrobras,2014,2993.393,189.10999999999999,19942.0,1
BAJADA DEL PALO,Vista Energy,2020,2860.793,247.185,19450.0,2
LA ESCALONADA,TotalEnergies,2013,2363.2783,729.198,19156.0,1
SAN ROQUE VACA MUERTA,TotalEnergies,2016,2415.9,662.8583,19098.0,4
AGUA DEL CAJON,Capex,2015,2279.43,704.29,18482.0,5
AGUADA FEDERAL,Wintershall,2014,1122.529,1932.876,18438.0,1
BANDURRIA CENTRO,Pan American Energy,2015,2344.2899,522.663,17822.0,1
PUESTO SILVA OESTE,Pluspetrol,2022,2811.3,0.0,17683.0,4
AGUILA MORA,Vista Energy,2019,2286.221,548.152,17607.0,3
CERRO NEGRO,Quintana,2025,2534.4442951600927,243.354408,17373.0,5
SAN ROQUE VACA MUERTA,TotalEnergies,2012,2255.1114,489.89149999999995,17068.0,1
BARDA GONZALEZ,Bentia,2026,1844.776,903.537,16921.0,2
BORDE MONTUOSO,Petrolera,2010,2362.6659999999997,306.003,16662.0,1
RINCON DE ARANDA,Petrobras,2015,2449.415,209.5,16639.0,1
LOMA LA LATA,YPF,2012,2069.98,580.5,16437.0,1
AGUA DEL CAJON,Capex,2018,1985.47,658.78,16364.0,7
SIERRA CHATA,Pampa Energía,2019,0.0,2736.3074,16104.0,1
AGUA DEL CAJON,Capex,2020,2104.01,485.40000000000003,16091.0,7
BAJADA DEL PALO,Petrobras,2006,2386.924,180.37,16074.0,2
AGUADA DEL PONCHO,Petrolera,2013,2105.696,479.28,16064.0,1
PUESTO SILVA OESTE,Pluspetrol,2024,2550.31,0.0,16042.0,4
CERRO ARENA,YPF,2013,0.03,2714.21,15976.0,1
AGUADA DE CASTRO,TotalEnergies,2013,0.0,2686.9440000000004,15816.0,1
EL TRAPIAL,Chevron,2015,1763.33,716.57578,15310.0,3
PUESTO SILVA OESTE,Pluspetrol,2023,2429.18,0.0,15281.0,4
RIO GRANDE,YPF,2026,993.96,1530.78,15261.0,8
PUESTO SILVA OESTE,Pluspetrol,2021,2417.89,0.0,15208.0,4
PARVA NEGRA ESTE,Pampa Energía,2023,0.0,2580.68399,15192.0,1
LOMA JARILLOSA ESTE,Pluspetrol,2012,2286.65,134.23,15172.0,3
SIERRA CHATA,Pampa Energía,2020,0.0,2531.5672999999997,14902.0,1
SIERRA CHATA,Petrobras,2017,0.0,2529.57857,14889.0,1
LINDERO ATRAVESADO OCCIDENTAL,Pan American Energy,2013,1225.14866,1213.871683,14850.0,1
RINCON LA CENIZA,TotalEnergies,2013,1313.6000000000001,1076.429,14598.0,2
BARDA GONZALEZ,Bentia,2025,1311.318,1031.3173,14319.0,2
CERRO LAS MINAS,YPF,2013,0.0,2426.97,14285.0,1
LOMA LA LATA,YPF,2013,1671.76,591.83,13998.0,1
AGUADA DEL CHIVATO,Medanito,2015,1612.69,648.1899999999999,13959.0,2
LOMA RANQUELES,Americas Petrogas,2017,0.0,2371.509,13959.0,1
AGUADA LOS LOROS,Americas Petrogas,2013,89.0,2256.0,13838.0,1
LOMA AMARILLA SUR,YPF,2013,2023.8799999999999,183.12,13808.0,1
AGUA DEL CAJON,Capex,2008,1333.49,917.63,13790.0,1
VEGA GRANDE,Venoil,2023,1155.84,1089.51,13683.0,1
LA ESCALONADA,TotalEnergies,2015,1380.7440000000001,843.931,13652.0,2
LA RIBERA BLOQUE I,YPF,2016,220.51,2036.41,13373.0,1
COIRON AMARGO SUR ESTE,Roch,2012,2113.269,5.814,13327.0,1
BAJADA DEL PALO,Petrobras,2007,1987.791,138.657,13319.0,2
LA RIBERA BLOQUE II,YPF,2015,176.18,2065.61,13266.0,1
BAJO DEL TORO NORTE,YPF,2013,1814.1399999999999,307.82,13224.0,1
AGUA DEL CAJON,Capex,2009,1192.85,950.88,13099.0,1
AGUADA DEL CHIVATO,Medanito,2017,1338.55,779.42,13010.0,2
AGUA DEL CAJON,Capex,2019,1569.89,526.71,12972.0,7
LOMA JARILLOSA ESTE,Pluspetrol,2014,2017.6599999999999,46.762,12966.0,3
LOMA DEL MOLLE,YPF,2012,1.84,2197.39,12944.0,1
BAJADA DE AÑELO,YPF,2012,1442.72,655.28,12932.0,1
PASO DE LAS BARDAS NORTE,YPF,2026,1628.96,446.56,12874.0,1
AGUADA DEL CHIVATO,Medanito,2016,1551.94865,505.521528,12735.0,2
BORDE MONTUOSO,Petrolera,2011,1647.769,384.251,12625.0,1
BAJO DEL TORO NORTE,YPF,2018,1735.5,262.3,12462.0,2
AGUA DEL CAJON,Capex,2021,1529.23,457.97,12312.0,7
LOMA ALTA,YPF,2024,1247.86,745.61,12234.0,7
LOMA LA LATA,YPF,2014,1130.17,864.24,12196.0,1
LOS TOLDOS ESTE,Americas Petrogas,2013,1635.3,323.757,12191.0,1
VEGA GRANDE,Venoil,2022,1193.36,795.5,12188.0,1
PUESTO ROJAS,Petroquimica,2023,1931.39803,0.0,12148.0,9
AGUA DEL CAJON,Capex,2012,1176.47,781.23,11998.0,5
CENTENARIO CENTRO,Pluspetrol,2015,777.53,1202.153,11969.0,2
LOMA ALTA,YPF,2025,1131.6,783.75,11732.0,7
SIERRA BARROSA,YPF,2013,886.0699999999999,1019.38,11573.0,1
FORTIN DE PIEDRA,Tecpetrol,2014,0.0,1932.0220000000002,11372.0,2
NARAMBUENA,YPF,2014,1796.75,0.0,11299.0,1
SIERRA BARROSA,YPF,2014,1254.33,577.99,11290.0,1
PUESTO SILVA OESTE,Pluspetrol,2012,1769.26,19.34,11242.0,2
LOS TOLDOS ESTE,Americas Petrogas,2014,1585.52,198.313,11140.0,1
MEDANO DE LA MORA,Vista Energy,2018,1527.935,259.604,11138.0,1
SIERRA CHATA,Pampa Energía,2018,0.0,1852.256,10902.0,1
AGUA DEL CAJON,Capex,2010,762.52,1029.9,10857.0,1
BORDE MONTUOSO,Petrolera,2016,1448.310019,294.95091133,10845.0,1
PUESTO SILVA OESTE,Pluspetrol,2025,1715.62,0.0,10792.0,4
BARDA GONZALEZ,YPF,2025,1150.74,590.6600000000001,10714.0,2
BAJADA DEL PALO,Petrolera,2018,1580.049,103.668,10549.0,2
LOS TOLDOS ESTE,Americas Petrogas,2012,1340.6,333.2,10393.0,1
RINCON DE ARANDA,Petrobras,2016,1543.289,113.957457,10378.0,1
AGUA DEL CAJON,Capex,2022,1276.71,387.35,10308.0,7
PUESTO SILVA OESTE,Pluspetrol,2020,1614.25,19.695,10270.0,4
SIERRA BARROSA,YPF,2016,801.25,886.9,10262.0,2
LOMA LA LATA,YPF,2015,773.0,909.64,10217.0,1
EL CARACOL,Petrolera,2013,1536.238,86.717,10173.0,1
LOMA AMARILLA SUR,YPF,2014,1501.65,121.85,10163.0,1
PAMPA DE LAS YEGUAS II,TotalEnergies,2013,691.433,985.472,10149.0,1
CURAMCHED,Chevron,2016,904.7,749.80989,10103.0,1
SIERRA BARROSA,YPF,2012,1151.53,467.64,9995.0,1
CENTENARIO CENTRO,Pluspetrol,2014,612.88,1026.884,9901.0,2
LOMA LA LATA,YPF,2020,770.26,857.43,9890.0,4
LOMA JARILLOSA ESTE,Pluspetrol,2015,1554.77,8.04,9825.0,3
AGUA DEL CAJON,Capex,2011,662.52,944.1899999999999,9725.0,1
LOMA LA LATA,YPF,2016,481.89,1101.1,9513.0,1
EL CARACOL,Petrolera,2011,1424.4859999999999,48.178,9243.0,1
CENTENARIO CENTRO,Pluspetrol,2013,719.53,794.779,9205.0,2
VEGA GRANDE,Grecoil,2015,1390.72,62.99,9120.0,1
AGUADA DEL CHIVATO,Medanito,2021,1054.8,402.96999999999997,9006.0,2
SAN ROQUE VACA MUERTA,TotalEnergies,2017,1013.0924,429.718697,8903.0,4
LOMA AMARILLA SUR,YPF,2015,1287.44,127.97,8850.0,1
PUESTO SILVA OESTE,Geopark,2026,1407.20498,0.0,8849.0,4
LOS TOLDOS ESTE,Tecpetrol,2019,1264.759,151.69156,8848.0,2
AGUADA DEL PONCHO,Vista Energy,2022,1153.663,250.727,8732.0,1
AGUADA DEL CHIVATO,Patagonia,2023,882.896,526.881,8651.0,2
LOMA ALTA,YPF,2026,794.4399999999999,618.9399999999999,8641.0,7
MEDANO DE LA MORA,Petrolera,2018,1164.635,223.14600000000002,8639.0,1
GUANACO,YPF,2024,143.13,1313.92,8634.0,1
CERRO LAS MINAS,YPF,2012,0.0,1461.74,8604.0,1
AGUADA FEDERAL,Wintershall,2015,1200.76,177.87,8600.0,3
BAJO BARDA GONZALEZ,YPF,2024,1120.07,243.38,8477.0,2
LOMA JARILLOSA ESTE,Pluspetrol,2018,1342.91,0.0,8449.0,3
AGUADA DEL CHIVATO,Medanito,2018,992.39,369.64,8419.0,2
BAJADA DE AÑELO,YPF,2013,1100.79,242.56,8351.0,1
EL CARACOL,Petrolera,2012,1304.5049999999999,23.561,8345.0,1
BANDURRIA NORTE,YPF,2015,823.02,530.1700000000001,8297.0,1
EL TRAPIAL,Chevron,2017,1049.33,274.93291,8219.0,3
EL CARACOL,Petrolera,2014,1268.9189999999999,34.614,8186.0,1
VEGA GRANDE,Grecoil,2016,1259.8899999999999,24.79,8071.0,1
VEGA GRANDE,Grecoil,2017,1066.728,229.3,8058.0,1
PUESTO ROJAS,Petrolera El Trébol,2018,883.75,403.40999999999997,7933.0,6
AGUA DE AFUERA,Americas Petrogas,2015,805.594,457.028,7757.0,1
AGUADA DEL CHIVATO,Medanito,2020,1140.72,83.22,7667.0,2
CURAMCHED,Chevron,2015,668.2,559.2542900000001,7494.0,1
LA AMARGA CHICA,YPF,2011,1110.7600000000002,85.67999999999999,7491.0,1
CURAMCHED,Chevron,2017,723.78,494.60898000000003,7463.0,1
BAJADA DEL PALO,Vista Energy,2018,1102.675,82.216,7419.0,2
EL TRAPIAL,Chevron,2016,887.86,306.50835,7388.0,3
LOMA LA LATA,YPF,2021,554.1700000000001,659.65,7368.0,4
PUESTO ROJAS,Petrolera El Trébol,2017,538.05,674.04,7351.0,2
COIRON AMARGO SUR ESTE,Roch,2013,1160.6424,1.4137499999999998,7310.0,1
AGUADA DEL CHIVATO,Medanito,2019,1041.28,112.47,7211.0,2
BAJADA DEL PALO,Vista Energy,2022,991.4549999999999,150.073,7120.0,2
LOMA LA LATA,YPF,2017,312.90999999999997,874.49,7115.0,1
BAJO DEL TORO NORTE,YPF,2014,970.7,151.38,6997.0,2
CENTENARIO CENTRO,Pluspetrol,2024,0.0,1171.342,6891.0,10
BORDE MONTUOSO,Petrolera,2017,905.9069999999999,178.46,6748.0,1
VEGA GRANDE,G,2025,761.77,302.28,6571.0,1
AGUADA DEL CHIVATO,Capetrol,2022,649.1,390.9,6383.0,2
EL CARACOL,Petrolera,2010,944.108,62.066,6304.0,1
LOMA JARILLOSA ESTE,Pluspetrol,2019,992.37,0.0,6240.0,3
SIERRA BARROSA,YPF,2017,607.39,410.7,6237.0,2
BAJADA DEL PALO,Vista Energy,2023,924.570971,61.159612323999994,6176.0,2
CENTENARIO CENTRO,Pluspetrol,2016,450.14,567.121,6167.0,2
EL OREJANO,YPF,2012,0.02,1040.5,6124.0,1
CENTENARIO CENTRO,Flxs,2026,34.545912,1000.4050159999999,6106.0,10
PUESTO SIN NOMBRE,Petrolera,2010,885.236,91.001,6104.0,1
PARVA NEGRA OESTE,Capex,2022,0.0,1035.6,6095.0,1
POZOS SIN YACIMIENTO,O&G Developments,2014,726.0,244.7,6006.0,1
LINDERO ATRAVESADO OCCIDENTAL,Pan American Energy,2015,423.225452,567.140756,6002.0,1
PUESTO SIN NOMBRE,Petrolera,2011,813.488,145.878,5976.0,1
LOS TOLDOS ESTE,Americas Petrogas,2015,830.3009999999999,104.731,5839.0,1
LINDERO ATRAVESADO OCCIDENTAL,Pan American Energy,2016,602.00002,312.432907,5626.0,1
BAJO BARDA GONZALEZ,Bentia,2026,793.424,104.353,5605.0,2
EL CARACOL,Petrolera,2016,858.226722,25.0808284,5545.0,1
PUESTO SIN NOMBRE,Petrolera,2012,733.056,152.883,5512.0,1
AGUADA DEL PONCHO,Vista Energy,2023,669.205283,216.850451599,5488.0,1
POZOS SIN YACIMIENTO,O&G Developments,2013,716.0,153.5,5407.0,1
PAYUN OESTE,YPF,2012,804.6899999999999,34.63,5265.0,1
VEGA GRANDE,Venoil,2024,343.17,522.4,5234.0,1
EL CARACOL,Petrolera,2015,786.926,36.357,5166.0,1
AGUADA DEL CHIVATO,Patagonia,2024,600.4473,235.5767,5164.0,2
CURAMCHED,Chevron,2013,458.7,386.156,5158.0,1
BORDE MONTUOSO,Petrolera,2015,654.085,174.524,5142.0,1
LOMA JARILLOSA ESTE,Pluspetrol,2017,808.99,0.0,5088.0,3
LAS TACANAS I,YPF,2013,26.76,833.8699999999999,5076.0,1
COIRON AMARGO SUR ESTE,Roch,2015,707.369958,99.8675,5036.0,3
EL CARACOL,Petrolera,2017,768.47,19.892,4950.0,1
LOMA LA LATA,YPF,2025,256.43,562.53,4925.0,5
LOMA JARILLOSA ESTE,Pluspetrol,2021,780.85,0.0,4913.0,3
EL TRAPIAL,Chevron,2019,640.8,148.42033,4905.0,3
LOMA JARILLOSA ESTE,Pluspetrol,2016,762.86,0.0,4799.0,3
LOMA AMARILLA SUR,YPF,2016,638.1,127.62,4765.0,1
CERRO LIUPUCA,YPF,2024,718.44,35.1,4726.0,2
SIERRA BARROSA,YPF,2018,495.67,270.7,4711.0,2
GUANACO,Bentia,2025,27.608999999999998,748.5622,4579.0,1
AGUADA FEDERAL,Gas y Petróleo Nqn,2013,617.75,112.61000000000001,4548.0,1
PAYUN OESTE,YPF,2013,708.28,13.33,4534.0,1
LOMA LA LATA,YPF,2018,218.89000000000001,531.54,4506.0,1
EL CARACOL,Vista Energy,2022,582.3340000000001,123.726,4391.0,1
LOMA LA LATA,YPF,2024,181.53,541.59,4330.0,5
CENTENARIO CENTRO,Pluspetrol,2012,453.42,248.52900000000002,4314.0,2
AGUA DE AFUERA,Americas Petrogas,2013,523.7,160.9,4242.0,1
LOMA LA LATA,YPF,2022,250.58,452.53000000000003,4240.0,4
PUESTO SIN NOMBRE,Petrolera,2014,552.707,127.00999999999999,4224.0,1
LOMA LA LATA,YPF,2026,262.1,429.94,4179.0,5
PUESTO SIN NOMBRE,Petrolera,2013,536.623,136.07999999999998,4177.0,1
LOMA LA LATA,YPF,2023,198.63,479.48,4073.0,4
VEGA GRANDE,G,2024,420.66999999999996,240.38,4061.0,1
CENTENARIO CENTRO,Pluspetrol,2025,0.0,683.377,4022.0,10
LINDERO ATRAVESADO OCCIDENTAL,Pan American Energy,2014,100.507088,568.15317,3976.0,1
MALAL DEL MEDIO,YPF,2012,548.95,88.78999999999999,3976.0,1
LOMA JARILLOSA ESTE,Pluspetrol,2022,631.37,0.0,3972.0,6
EL CARACOL,Petrolera,2009,582.929,49.527,3957.0,1
MATA MORA NORTE,YPF,2012,561.31,69.97,3942.0,1
LOMA AMARILLA SUR,YPF,2017,508.79,126.06,3942.0,1
PUESTO SIN NOMBRE,Petrolera,2009,552.562,78.42699999999999,3938.0,1
EL CARACOL,Vista Energy,2019,607.6379999999999,17.78,3926.0,1
CERRO ARENA,YPF,2017,0.0,661.16,3892.0,3
CERRO PARTIDO,YPF,2015,254.82,376.2,3817.0,1
GUANACO,Bentia,2026,23.179,613.848,3760.0,1
AGUADA DEL PONCHO,Petrolera,2014,547.796,44.976,3709.0,1
EL CARACOL,Petrolera,2006,548.7909999999999,38.012,3676.0,1
VEGA GRANDE,G,2026,443.84,148.7,3667.0,1
EL CARACOL,Vista Energy,2020,538.776,42.888,3641.0,1
LA AMARGA CHICA,YPF,2012,535.73,44.620000000000005,3633.0,1
EL CARACOL,Petrolera,2008,513.478,42.875,3482.0,1
EL TRAPIAL,Chevron,2018,376.22,189.0863,3478.0,3
FORTIN DE PIEDRA,Tecpetrol,2013,43.369,537.919,3439.0,1
LINDERO ATRAVESADO ORIENTAL,Pan American Energy,2012,524.31392,12.07893,3369.0,1
CORRALERA NORESTE,YPF,2012,48.58,518.45,3357.0,1
EL CARACOL,Vista Energy,2021,458.403,77.337,3339.0,1
CERRO AVISPA,YPF,2015,521.9300000000001,0.0,3282.0,1
BAJADA DEL PALO,Petrolera,2007,486.288,32.357,3250.0,2
LOMA AMARILLA SUR,YPF,2012,462.72,53.260000000000005,3224.0,1
MATA MORA NORTE,Kilwer,2018,508.674,0.0,3199.0,2
CERRO LIUPUCA,YPF,2025,493.82,13.51,3184.0,2
GUANACO,YPF,2025,41.04,485.39,3115.0,1
EL CARACOL,Petrolera,2007,454.11400000000003,42.437,3107.0,1
CERRO ARENA,YPF,2016,0.0,525.48,3093.0,3
BANDURRIA NORTE,Vista Energy,2024,393.945,102.002,3078.0,5
BAJO BARDA GONZALEZ,YPF,2025,390.21000000000004,104.44,3069.0,2
PUESTO SIN NOMBRE,Petrolera,2015,402.65999999999997,84.93,3033.0,1
PARVA NEGRA ESTE,Pampa Energía,2024,0.0,502.66281,2958.0,1
CENTENARIO CENTRO,Flxs,2025,10.371931,481.011117,2898.0,10
AGUADA DEL PONCHO,Petrolera,2015,403.03499999999997,61.046,2892.0,1
CORRALERA NORESTE,Kilwer,2022,199.484,273.096,2862.0,2
BORDE MONTUOSO,Petrolera,2018,375.003,64.788,2740.0,1
PAYUN OESTE,YPF,2014,377.73,53.57,2691.0,1
PUESTO VERA,Tecpetrol,2022,251.477318,179.53534199999999,2638.0,1
PUESTO VERA,Tecpetrol,2023,166.63706000000002,260.30049,2580.0,1
PUESTO SIN NOMBRE,Petrolera,2016,392.710189,7.556,2515.0,1
CERRO LIUPUCA,Quintana,2026,377.12457313685,9.661077215409254,2429.0,2
PAYUN OESTE,YPF,2017,321.27,61.34,2383.0,1
LINDERO ATRAVESADO ORIENTAL,Pan American Energy,2013,363.62746,0.0,2287.0,1
AGUADA DEL CHIVATO,Patagonia,2022,237.2,133.14000000000001,2275.0,2
LOMA JARILLOSA ESTE,Pluspetrol,2020,357.09000000000003,1.5,2253.0,3
LOMA AMARILLA SUR,YPF,2018,300.2,60.36,2243.0,1
LINDERO ATRAVESADO ORIENTAL,Pan American Energy,2016,323.105037,33.762383,2232.0,1
EL CARACOL,Vista Energy,2018,343.697,11.829,2232.0,1
PUESTO SILVA OESTE,Geopark,2025,338.51,0.0,2131.0,4
MALAL DEL MEDIO,YPF,2013,321.46,14.35,2108.0,1
BAJO BARDA GONZALEZ,Bentia,2025,263.83,70.9549,2076.0,2
LINDERO ATRAVESADO OCCIDENTAL,Pan American Energy,2017,171.484547,166.72000300000002,2060.0,1
EL CARACOL,Petrolera,2024,232.89985522,100.79561005299999,2057.0,2
PUESTO SIN NOMBRE,Petrobras,2006,326.72,0.0,2056.0,1
EL CARACOL,Petrolera,2018,310.547,9.721,2010.0,1
LA RIBERA BLOQUE II,YPF,2022,0.0,339.71,1999.0,1
EL CARACOL,Petrolera,2025,248.195745872,60.504837234,1917.0,2
LOS TOLDOS ESTE,Americas Petrogas,2016,286.995,14.494,1891.0,1
SIERRA CHATA,Petrobras,2018,0.0,320.98762,1889.0,1
AGUA DE AFUERA,Americas Petrogas,2016,220.998,63.279,1763.0,1
CERRO LIUPUCA,Quintana,2025,267.1822639211056,6.0525552,1716.0,2
VEGA GRANDE,Grecoil,2018,255.19,17.46,1707.0,1
PUESTO SIN NOMBRE,Petrolera,2008,271.0,0.0,1705.0,1
CERRO AVISPA,YPF,2014,264.69,0.0,1666.0,1
LOMA AMARILLA,YPF,2012,189.84000000000003,76.16,1642.0,1
EL CARACOL,Petrolera,2023,203.772218,60.295570904,1638.0,1
BORDE MONTUOSO,Vista Energy,2021,182.385,77.053,1600.0,1
BORDE MONTUOSO,Vista Energy,2018,212.106,35.78,1545.0,1
PUESTO SIN NOMBRE,Petrobras,2007,243.034,0.0,1529.0,1
PAYUN OESTE,YPF,2015,201.98,42.91,1525.0,1
PARVA NEGRA OESTE,Capex,2023,0.0,248.48000000000002,1463.0,2
PAYUN OESTE,YPF,2016,181.55,52.33,1448.0,1
COIRON AMARGO SUR ESTE,Roch,2011,222.258,0.0,1397.0,1
AGUADA DEL CHIVATO,Patagonia,2025,192.4057,20.1712,1329.0,2
PUESTO SIN NOMBRE,Petrolera,2017,206.825,3.2,1320.0,1
LINDERO ATRAVESADO ORIENTAL,Pan American Energy,2017,202.26961,0.0,1271.0,1
AGUADA DEL PONCHO,Vista Energy,2024,139.352,64.803,1259.0,1
LA ESPERANZA,Oilstone,2025,197.814488,0.0,1243.0,2
BAJADA DEL PALO,Vista Energy,2024,192.29500000000002,1.9709999999999999,1222.0,2
TOTORAL,Americas Petrogas,2013,186.7,4.57,1201.0,1
LA ESPERANZA,Oilstone,2026,185.65622199999999,0.0,1168.0,2
AGUADA DEL PONCHO,Petrolera,2012,169.659,15.722,1160.0,1
LINDERO ATRAVESADO ORIENTAL,Pan American Energy,2014,176.68696,0.0,1110.0,1
BORDE ESPINOSO,Oilstone,2024,172.58297,0.0,1087.0,1
CENTENARIO CENTRO,Pluspetrol,2019,38.17,143.813,1086.0,2
RINCON DE ARANDA,Petrobras,2017,140.022,29.050612,1052.0,1
CORRALERA SUR,Kilwer,2022,93.58,76.089,1037.0,1
VEGA GRANDE,Grecoil,2014,136.72,4.15,884.0,1
AGUADA DEL PONCHO,Vista Energy,2021,97.987,43.64,873.0,1
BAJO GUANACO,Argenta,2014,71.0,57.24,784.0,1
CERRO AVISPA,YPF,2016,123.86,0.0,778.0,1
AGUADA DEL CHIVATO,Capetrol,2021,75.0,51.0,772.0,2
NARAMBUENA,YPF,2024,106.10000000000001,15.1,756.0,9
EL CARACOL,Vista Energy,2023,97.935,18.244,723.0,1
CURAMCHED,Chevron,2018,81.2,34.305,713.0,1
MATA MORA NORTE,YPF,2011,101.55,1.05,645.0,1
PAYUN OESTE,YPF,2018,84.67999999999999,16.099999999999998,627.0,1
CERRO PARTIDO,YPF,2014,45.22,58.01,626.0,1
COIRON AMARGO SUR ESTE,Roch,2016,61.408463,39.19625,616.0,3
BAJO GUANACO,Argenta,2016,90.0,6.9,607.0,1
EL CARACOL,Petrolera,2026,87.49874873,5.167493348,580.0,2
EL CARACOL,Tango,2026,74.929328244,6.299830050000001,509.0,2
CORRALERA NORESTE,Kilwer,2021,18.76,60.69,475.0,2
COIRON AMARGO SUR ESTE,Roch,2014,64.256802,6.5649999999999995,443.0,1
LINDERO ATRAVESADO ORIENTAL,Pan American Energy,2018,66.95938,2.254875,434.0,1
COIRON AMARGO SUR ESTE,Madalena,2016,62.187126000000006,5.52,424.0,3
PUESTO SIN NOMBRE,Petrolera,2018,55.879,0.0,352.0,1
BORDE MONTUOSO,Vista Energy,2019,48.689,7.216,349.0,1
MEDANO DE LA MORA,Petrolera,2008,54.0,0.0,340.0,1
BORDE ESPINOSO,Oilstone,2025,43.691601,0.0,275.0,1
BORDE ESPINOSO,Oilstone,2026,41.677904,0.0,263.0,1
PUESTO SIN NOMBRE,Petrolera,2007,41.0,0.0,258.0,1
CENTENARIO CENTRO,Pluspetrol,2017,16.97,24.011,248.0,2
PUESTO SIN NOMBRE,Vista Energy,2021,38.073,0.0,239.0,1
CHALLACO,Oilstone,2025,37.694835,0.0,238.0,3
BAJO DEL TORO,YPF,2025,32.55,1.91,216.0,3
MEDANO DE LA MORA,Petrobras,2006,33.995000000000005,0.0,213.0,1
CENTENARIO CENTRO,Pluspetrol,2020,5.26,28.534,201.0,2
PUESTO SIN NOMBRE,Vista Energy,2018,30.856,0.0,195.0,1
MEDANO DE LA MORA,Petrolera,2010,24.0,0.0,151.0,1
MEDANO DE LA MORA,Petrobras,2007,23.0,0.0,145.0,1
PUESTO SIN NOMBRE,Vista Energy,2019,20.408,0.0,128.0,1
FORTIN DE PIEDRA,Tecpetrol,2012,16.065,0.0,101.0,1
LINDERO ATRAVESADO ORIENTAL,Pan American Energy,2015,14.287893,0.0,90.0,1
AGUA BOTADA,Roch,2024,14.1,0.0,89.0,1
BORDE MONTUOSO,Petrobras,2007,4.0,0.0,25.0,1
BORDE MONTUOSO,Petrobras,2006,2.5,0.0,15.0,1
MALAL DEL MEDIO,YPF,2014,1.9300000000000002,0.0,12.0,1
BORDE MONTUOSO,Petrolera,2008,1.0,0.0,6.0,1
BORDE MONTUOSO,Vista Energy,2024,0.0,0.0,0.0,2
BORDE MONTUOSO,Vista Energy,2023,0.0,0.0,0.0,1
PASO DE INDIOS,Tecpetrol,2025,0.0,0.0,0.0,1
PAMPA DE LAS YEGUAS II,TotalEnergies,2021,0.0,0.0,0.0,1
CERRO LAS NIÑAS,Tecpetrol,2021,0.0,0.0,0.0,1
BORDE MONTUOSO,Vista Energy,2022,0.0,0.0,0.0,1
CERRO LAS NIÑAS,Tecpetrol,2020,0.0,0.0,0.0,1
CERRO LAS MINAS,YPF,2015,0.0,0.0,0.0,1
CENTENARIO CENTRO,Pluspetrol,2021,0.0,0.0,0.0,2
CENTENARIO CENTRO,Pluspetrol,2022,0.0,0.0,0.0,2
CERRO DIVISADERO,YPF,2025,0.0,0.0,0.0,2
CENTENARIO CENTRO,Pluspetrol,2023,0.0,0.0,0.0,2
CERRO DIVISADERO,YPF,2024,0.0,0.0,0.0,2
CERRO LAS NIÑAS,Tecpetrol,2019,0.0,0.0,0.0,1
CERRO AVISPA,YPF,2018,0.0,0.0,0.0,1
PASO DE INDIOS,Tecpetrol,2024,0.0,0.0,0.0,1
CERRO AVISPA,YPF,2017,0.0,0.0,0.0,1
CERRO LAS MINAS,YPF,2014,0.0,0.0,0.0,1
PAMPA DE LAS YEGUAS II,TotalEnergies,2026,0.0,0.0,0.0,1
PAMPA DE LAS YEGUAS II,TotalEnergies,2025,0.0,0.0,0.0,1
PAMPA DE LAS YEGUAS II,TotalEnergies,2024,0.0,0.0,0.0,1
BORDE MONTUOSO,Vista Energy,2020,0.0,0.0,0.0,1
PAMPA DE LAS YEGUAS II,TotalEnergies,2023,0.0,0.0,0.0,1
PAMPA DE LAS YEGUAS II,TotalEnergies,2022,0.0,0.0,0.0,1
CERRO DIVISADERO,YPF,2026,0.0,0.0,0.0,2
CERRO LAS MINAS,YPF,2018,0.0,0.0,0.0,1
CERRO ARENA,YPF,2014,0.0,0.0,0.0,1
CERRO ARENA,YPF,2015,0.0,0.0,0.0,1
CERRO LAS MINAS,YPF,2017,0.0,0.0,0.0,1
CERRO LAS MINAS,YPF,2016,0.0,0.0,0.0,1
PIEDRAS BLANCAS,Tango,2026,0.0,0.0,0.0,1
CERRO ARENA,YPF,2018,0.0,0.0,0.0,3
CERRO ARENA,YPF,2019,0.0,0.0,0.0,3
CERRO ARENA,YPF,2020,0.0,0.0,0.0,3
CERRO ARENA,YPF,2021,0.0,0.0,0.0,3
CERRO ARENA,YPF,2022,0.0,0.0,0.0,3
PIEDRAS BLANCAS,Petrolera,2026,0.0,0.0,0.0,1
CERRO LAS NIÑAS,Tecpetrol,2023,0.0,0.0,0.0,1
PIEDRAS BLANCAS,Petrolera,2024,0.0,0.0,0.0,1
CERRO ARENA,YPF,2023,0.0,0.0,0.0,3
PAYUN OESTE,YPF,2019,0.0,0.0,0.0,1
CERRO ARENA,YPF,2024,0.0,0.0,0.0,3
CERRO ARENA,YPF,2025,0.0,0.0,0.0,3
CERRO ARENA,YPF,2026,0.0,0.0,0.0,3
PASO DE INDIOS,Tecpetrol,2026,0.0,0.0,0.0,1
PAYUN OESTE,Petrolera,2024,0.0,0.0,0.0,1
PAYUN OESTE,YPF,2008,0.0,0.0,0.0,1
PAYUN OESTE,Petrolera,2025,0.0,0.0,0.0,1
PAYUN OESTE,Petrolera,2026,0.0,0.0,0.0,1
PAYUN OESTE,Tango,2026,0.0,0.0,0.0,1
PIEDRAS BLANCAS,Petrolera,2025,0.0,0.0,0.0,1
PARVA NEGRA OESTE,Capex,2026,0.0,0.0,0.0,2
PARVA NEGRA OESTE,Capex,2025,0.0,0.0,0.0,2
BORDE MONTUOSO,Vista Energy,2025,0.0,0.0,0.0,2
BORDE MONTUOSO,Vista Energy,2026,0.0,0.0,0.0,2
BOSQUE CHAÑAR,YPF,2024,0.0,0.0,0.0,1
BOSQUE CHAÑAR,YPF,2025,0.0,0.0,0.0,1
POZOS SIN YACIMIENTO,O&G Developments,2015,0.0,0.0,0.0,1
PARVA NEGRA OESTE,Capex,2024,0.0,0.0,0.0,2
PARVA NEGRA ESTE,Pampa Energía,2026,0.0,0.0,0.0,1
POZOS SIN YACIMIENTO,O&G Developments,2016,0.0,0.0,0.0,1
POZOS SIN YACIMIENTO,O&G Developments,2017,0.0,0.0,0.0,1
POZOS SIN YACIMIENTO,O&G Developments,2018,0.0,0.0,0.0,1
POZOS SIN YACIMIENTO,APCO,2019,0.0,0.0,0.0,1
PARVA NEGRA ESTE,Pampa Energía,2025,0.0,0.0,0.0,1
PAMPA PALAUCO,YPF,2026,0.0,0.0,0.0,2
POZOS SIN YACIMIENTO,Vista Energy,2020,0.0,0.0,0.0,1
PAMPA PALAUCO,YPF,2025,0.0,0.0,0.0,2
POZOS SIN YACIMIENTO,Vista Energy,2021,0.0,0.0,0.0,1
POZOS SIN YACIMIENTO,Vista Energy,2022,0.0,0.0,0.0,1
POZOS SIN YACIMIENTO,Vista Energy,2023,0.0,0.0,0.0,1
CENTENARIO BLOQUE II,Pluspetrol,2024,0.0,0.0,0.0,4
CENTENARIO BLOQUE II,Pluspetrol,2025,0.0,0.0,0.0,4
PAMPA PALAUCO,YPF,2024,0.0,0.0,0.0,2
CENTENARIO CENTRO,Pluspetrol,2018,0.0,0.0,0.0,2
CERRO LAS MINAS,YPF,2019,0.0,0.0,0.0,1
POZOS SIN YACIMIENTO,APCO,2018,0.0,0.0,0.0,1
POZOS SIN YACIMIENTO,Vista Energy,2019,0.0,0.0,0.0,1
BAJADA DE AÑELO,O&G Developments,2017,0.0,0.0,0.0,4
ARROYO LOS MENUCOS,Venoil,2026,0.0,0.0,0.0,1
ARROYO LOS MENUCOS,Venoil,2025,0.0,0.0,0.0,1
ARROYO LOS MENUCOS,Venoil,2024,0.0,0.0,0.0,1
AGUILA MORA,Vista Energy,2022,0.0,0.0,0.0,5
AGUILA MORA,Vista Energy,2021,0.0,0.0,0.0,3
AGUILA MORA,O&G Developments,2018,0.0,0.0,0.0,3
CERRO LAS NIÑAS,Tecpetrol,2022,0.0,0.0,0.0,1
AGUILA MORA,O&G Developments,2016,0.0,0.0,0.0,3
SIERRA BARROSA,YPF,2006,0.0,0.0,0.0,1
BAJADA DE AÑELO,Shell,2024,0.0,0.0,0.0,16
AGUADA DEL PONCHO,Vista Energy,2020,0.0,0.0,0.0,1
AGUADA DEL PONCHO,Vista Energy,2019,0.0,0.0,0.0,1
AGUADA DEL PONCHO,Vista Energy,2018,0.0,0.0,0.0,1
AGUADA DEL PONCHO,Petrolera,2018,0.0,0.0,0.0,1
AGUADA DEL PONCHO,Petrolera,2017,0.0,0.0,0.0,1
AGUILA MORA,O&G Developments,2017,0.0,0.0,0.0,3
BAJADA DE AÑELO,Shell,2023,0.0,0.0,0.0,16
BAJADA DEL PALO,Vista Energy,2026,0.0,0.0,0.0,2
BAJADA DEL PALO,Vista Energy,2025,0.0,0.0,0.0,2
BAJO DEL CHOIQUE,ExxonMobil,2016,0.0,0.0,0.0,1
BAJO DEL CHOIQUE,ExxonMobil,2013,0.0,0.0,0.0,1
BAJO DEL CHOIQUE,ExxonMobil,2012,0.0,0.0,0.0,1
BAJO DEL CHOIQUE,ExxonMobil,2011,0.0,0.0,0.0,1
AGUADA TOLEDO,YPF,2024,0.0,0.0,0.0,1
SAN ROQUE VACA MUERTA,TotalEnergies,2010,0.0,0.0,0.0,1
SAN ROQUE VACA MUERTA,TotalEnergies,2009,0.0,0.0,0.0,1
SAN ROQUE VACA MUERTA,TotalEnergies,2008,0.0,0.0,0.0,1
SAN ROQUE VACA MUERTA,TotalEnergies,2007,0.0,0.0,0.0,1
AGUADA VILLANUEVA NORTE,Pluspetrol,2024,0.0,0.0,0.0,2
AGUADA VILLANUEVA NORTE,Pluspetrol,2023,0.0,0.0,0.0,2
AGUADA TOLEDO,YPF,2026,0.0,0.0,0.0,1
AGUADA TOLEDO,YPF,2025,0.0,0.0,0.0,1
SAN ROQUE VACA MUERTA,TotalEnergies,2011,0.0,0.0,0.0,1
AGUADA BAGUALES,Oilstone,2025,0.0,0.0,0.0,3
AGUADA BAGUALES,Oilstone,2024,0.0,0.0,0.0,3
AGUADA DE CASTRO,TotalEnergies,2015,0.0,0.0,0.0,1
AGUADA DE CASTRO,TotalEnergies,2014,0.0,0.0,0.0,1
AGUADA DE CASTRO,TotalEnergies,2012,0.0,0.0,0.0,1
AGUA BOTADA,Roch,2026,0.0,0.0,0.0,1
VOLCAN AUCA MAHUIDA,YPF,2025,0.0,0.0,0.0,1
AGUADA DEL PONCHO,Petrolera,2016,0.0,0.0,0.0,1
TOTORAL,Energicon,2017,0.0,0.0,0.0,1
TOTORAL,Energicon,2016,0.0,0.0,0.0,1
TOTORAL,Americas Petrogas,2015,0.0,0.0,0.0,1
TOTORAL,Americas Petrogas,2014,0.0,0.0,0.0,1
AGUA DE AFUERA,ExxonMobil,2025,0.0,0.0,0.0,4
AGUA DE AFUERA,ExxonMobil,2023,0.0,0.0,0.0,2
AGUA DE AFUERA,ExxonMobil,2022,0.0,0.0,0.0,2
AGUA DE AFUERA,Americas Petrogas,2017,0.0,0.0,0.0,1
TOTORAL,Energicon,2018,0.0,0.0,0.0,1
SIERRA BARROSA,YPF,2008,0.0,0.0,0.0,1
SIERRA BARROSA,YPF,2007,0.0,0.0,0.0,1
AGUADA LOS LOROS,Americas Petrogas,2017,0.0,0.0,0.0,1
AGUADA LOS LOROS,Americas Petrogas,2016,0.0,0.0,0.0,1
AGUADA LOS LOROS,Americas Petrogas,2015,0.0,0.0,0.0,1
AGUADA LOS LOROS,Americas Petrogas,2014,0.0,0.0,0.0,1
AGUILA MORA,APCO,2019,0.0,0.0,0.0,3
AGUADA BAGUALES,Oilstone,2026,0.0,0.0,0.0,3
AGUADA DE CASTRO,Pan American Energy,2018,0.0,0.0,0.0,1
VOLCAN AUCA MAHUIDA,YPF,2024,0.0,0.0,0.0,1
VOLCAN AUCA MAHUIDA,Bentia,2026,0.0,0.0,0.0,1
VOLCAN AUCA MAHUIDA,Bentia,2025,0.0,0.0,0.0,1
AGUA BOTADA,Roch,2025,0.0,0.0,0.0,1
SIERRAS BLANCAS,O&G Developments,2012,0.0,0.0,0.0,1
AGUA DE AFUERA,Pluspetrol,2026,0.0,0.0,0.0,4
AGUA DE AFUERA,Pluspetrol,2025,0.0,0.0,0.0,4
AGUILA MORA,APCO,2018,0.0,0.0,0.0,3
BARROSA NORTE,YPF,2025,0.0,0.0,0.0,1
BARROSA NORTE,YPF,2024,0.0,0.0,0.0,1
BORDE MONTUOSO,Petrolera,2014,0.0,0.0,0.0,1
BORDE MONTUOSO,Petrolera,2013,0.0,0.0,0.0,1
BORDE MONTUOSO,Petrolera,2012,0.0,0.0,0.0,1
BORDE MONTUOSO,Petrolera,2009,0.0,0.0,0.0,1
BORDE MONTUOSO,Petrolera,2007,0.0,0.0,0.0,1
BAJO GUANACO,Argenta,2015,0.0,0.0,0.0,1
RANQUIL CO,YPF,2024,0.0,0.0,0.0,1
BANDURRIA NORTE,Vista Energy,2023,0.0,0.0,0.0,5
BANDURRIA NORTE,Vista Energy,2022,0.0,0.0,0.0,5
BANDURRIA SUR,YPF,2008,0.0,0.0,0.0,2
BANDURRIA SUR,YPF,2007,0.0,0.0,0.0,2
BANDURRIA SUR,YPF,2006,0.0,0.0,0.0,2
BANDURRIA NORTE,Wintershall,2021,0.0,0.0,0.0,5
BANDURRIA NORTE,Wintershall,2020,0.0,0.0,0.0,5
BARROSA NORTE,YPF,2026,0.0,0.0,0.0,1
CENTENARIO BLOQUE II,Flxs,2026,0.0,0.0,0.0,4
CENTENARIO BLOQUE II,Flxs,2025,0.0,0.0,0.0,4
BOSQUE CHAÑAR,YPF,2026,0.0,0.0,0.0,1
RANQUIL CO,Venoil,2026,0.0,0.0,0.0,1
RANQUIL CO,Venoil,2025,0.0,0.0,0.0,1
PUNTILLA DEL HUINCAN,YPF,2025,0.0,0.0,0.0,1
PUNTILLA DEL HUINCAN,YPF,2024,0.0,0.0,0.0,1
RANQUIL CO,YPF,2025,0.0,0.0,0.0,1
PUESTO VERA,Tecpetrol,2025,0.0,0.0,0.0,1
PUESTO VERA,Tecpetrol,2024,0.0,0.0,0.0,1
PUESTO SIN NOMBRE,Vista Energy,2026,0.0,0.0,0.0,1
PUESTO SIN NOMBRE,Vista Energy,2025,0.0,0.0,0.0,1
PUESTO SIN NOMBRE,Vista Energy,2024,0.0,0.0,0.0,1
PUESTO SIN NOMBRE,Vista Energy,2023,0.0,0.0,0.0,1
PUESTO SIN NOMBRE,Vista Energy,2022,0.0,0.0,0.0,1
PUESTO SIN NOMBRE,Vista Energy,2020,0.0,0.0,0.0,1
PUESTO VERA,Tecpetrol,2026,0.0,0.0,0.0,1
RINCON LA CENIZA,TotalEnergies,2011,0.0,0.0,0.0,1
RINCON DE ARANDA,Petrobras,2018,0.0,0.0,0.0,1
BANDURRIA NORTE,Wintershall,2015,0.0,0.0,0.0,1
BANDURRIA NORTE,Vista Energy,2026,0.0,0.0,0.0,5
RIO ATUEL,Petrolera El Trébol,2026,0.0,0.0,0.0,1
RIO ATUEL,Petrolera El Trébol,2025,0.0,0.0,0.0,1
RIO ATUEL,Petrolera El Trébol,2024,0.0,0.0,0.0,1
RINCON DE ARANDA,Petrobras,2013,0.0,0.0,0.0,1
RIO ATUEL,Petrolera El Trébol,2022,0.0,0.0,0.0,1
RIO ATUEL,Petrolera El Trébol,2021,0.0,0.0,0.0,1
RIO ATUEL,Petrolera El Trébol,2020,0.0,0.0,0.0,1
RIO ATUEL,Petrolera El Trébol,2019,0.0,0.0,0.0,1
BAJO DEL TORO,YPF,2024,0.0,0.0,0.0,2
BAJO DEL TORO,YPF,2023,0.0,0.0,0.0,2
BAJO DEL TORO,YPF,2022,0.0,0.0,0.0,2
BAJO DEL TORO,YPF,2021,0.0,0.0,0.0,2
RIO ATUEL,Petrolera El Trébol,2023,0.0,0.0,0.0,1
RINCON DE ARANDA,Pampa Energía,2023,0.0,0.0,0.0,2
RINCON DE ARANDA,Pampa Energía,2022,0.0,0.0,0.0,2
RINCON DE ARANDA,Pampa Energía,2021,0.0,0.0,0.0,2
RINCON DE ARANDA,Pampa Energía,2018,0.0,0.0,0.0,1
RINCON AMARILLO,YPF,2026,0.0,0.0,0.0,1
RINCON AMARILLO,YPF,2025,0.0,0.0,0.0,1
RINCON AMARILLO,YPF,2024,0.0,0.0,0.0,1
BAJO GUANACO,Argenta,2026,0.0,0.0,0.0,3
RINCON LA CENIZA,TotalEnergies,2012,0.0,0.0,0.0,1
BAJO GUANACO,Argenta,2024,0.0,0.0,0.0,3
BAJO GUANACO,Argenta,2023,0.0,0.0,0.0,1
BAJO GUANACO,Argenta,2022,0.0,0.0,0.0,1
BAJO GUANACO,Argenta,2021,0.0,0.0,0.0,1
BAJO GUANACO,Argenta,2020,0.0,0.0,0.0,1
BAJO GUANACO,Argenta,2019,0.0,0.0,0.0,1
BAJO GUANACO,Argenta,2018,0.0,0.0,0.0,1
BAJO GUANACO,Argenta,2017,0.0,0.0,0.0,1
BAJO GUANACO,Argenta,2025,0.0,0.0,0.0,3
LOMA ANCHA,Tecpetrol,2025,0.0,0.0,0.0,3
LOMA ANCHA,Tecpetrol,2024,0.0,0.0,0.0,3
LOMA ANCHA,Tecpetrol,2023,0.0,0.0,0.0,3
LOMA ANCHA,Tecpetrol,2021,0.0,0.0,0.0,2
LOMA ANCHA,Tecpetrol,2020,0.0,0.0,0.0,2
LOMA ANCHA,Tecpetrol,2019,0.0,0.0,0.0,2
LA RIBERA BLOQUE I,YPF,2014,0.0,0.0,0.0,1
AGUA DE AFUERA,ExxonMobil,2021,0.0,0.0,0.0,2
HUACALERA,YPF,2017,0.0,0.0,0.0,1
HUACALERA,YPF,2016,0.0,0.0,0.0,1
HUACALERA,YPF,2015,0.0,0.0,0.0,1
HUACALERA,Apache,2014,0.0,0.0,0.0,1
HUACALERA,Apache,2013,0.0,0.0,0.0,1
LOMA CAMPANA-LLL,YPF,2008,0.0,0.0,0.0,81
LOMA CAMPANA-LLL,YPF,2007,0.0,0.0,0.0,81
LOMA CAMPANA-LLL,YPF,2006,0.0,0.0,0.0,81
HUACALERA,YPF,2018,0.0,0.0,0.0,1
LA INVERNADA,ExxonMobil,2024,0.0,0.0,0.0,1
LA INVERNADA,ExxonMobil,2023,0.0,0.0,0.0,1
LA INVERNADA,ExxonMobil,2022,0.0,0.0,0.0,1
LA INVERNADA,ExxonMobil,2021,0.0,0.0,0.0,1
LOMA AMARILLA SUR,YPF,2026,0.0,0.0,0.0,6
LOMA AMARILLA SUR,YPF,2025,0.0,0.0,0.0,6
LOMA AMARILLA SUR,YPF,2022,0.0,0.0,0.0,1
LOMA CAMPANA,YPF,2006,0.0,0.0,0.0,5
LOMA AMARILLA SUR,YPF,2020,0.0,0.0,0.0,1
LOMA AMARILLA SUR,YPF,2019,0.0,0.0,0.0,1
LA INVERNADA,ExxonMobil,2019,0.0,0.0,0.0,1
LA INVERNADA,ExxonMobil,2018,0.0,0.0,0.0,1
LA INVERNADA,ExxonMobil,2017,0.0,0.0,0.0,1
LA INVERNADA,ExxonMobil,2016,0.0,0.0,0.0,1
LOMA CAMPANA,YPF,2008,0.0,0.0,0.0,5
LOMA CAMPANA,YPF,2007,0.0,0.0,0.0,5
LOMA AMARILLA SUR,YPF,2021,0.0,0.0,0.0,1
LOMA DEL MOLLE,Pluspetrol,2025,0.0,0.0,0.0,2
LOMA DEL MOLLE,ExxonMobil,2022,0.0,0.0,0.0,2
LOMA DEL MOLLE,ExxonMobil,2021,0.0,0.0,0.0,2
LOMA DEL MOLLE,ExxonMobil,2020,0.0,0.0,0.0,2
LOMA DEL MOLLE,ExxonMobil,2019,0.0,0.0,0.0,2
LOMA DEL MOLLE,ExxonMobil,2018,0.0,0.0,0.0,2
LOMA LA LATA,YPF,2008,0.0,0.0,0.0,1
LA CALERA,Pluspetrol,2017,0.0,0.0,0.0,1
LOMA LA LATA,YPF,2006,0.0,0.0,0.0,1
LOMA EL DIVISADERO,Hattrick,2026,0.0,0.0,0.0,1
LOMA EL DIVISADERO,Hattrick,2025,0.0,0.0,0.0,1
LOMA DEL MOLLE,YPF,2026,0.0,0.0,0.0,2
LOMA DEL MOLLE,YPF,2025,0.0,0.0,0.0,2
LOMA DEL MOLLE,YPF,2024,0.0,0.0,0.0,2
LOMA DEL MOLLE,YPF,2023,0.0,0.0,0.0,2
LOMA DEL MOLLE,YPF,2017,0.0,0.0,0.0,2
LOMA LA LATA,YPF,2007,0.0,0.0,0.0,1
LA ESCALONADA,TotalEnergies,2018,0.0,0.0,0.0,3
LA ESCALONADA,TotalEnergies,2014,0.0,0.0,0.0,1
LA ESCALONADA,TotalEnergies,2012,0.0,0.0,0.0,1
LA INVERNADA,ExxonMobil,2020,0.0,0.0,0.0,1
LOMA DEL MOLLE,ExxonMobil,2017,0.0,0.0,0.0,2
EL OREJANO,YPF,2008,0.0,0.0,0.0,1
EL PASILLO,Venoil,2026,0.0,0.0,0.0,1
EL PASILLO,Venoil,2025,0.0,0.0,0.0,1
LOMA DEL MOLLE,YPF,2013,0.0,0.0,0.0,1
FORTIN DE PIEDRA,Tecpetrol,2007,0.0,0.0,0.0,1
FORTIN DE PIEDRA,Tecpetrol,2006,0.0,0.0,0.0,1
FORTIN DE PIEDRA,Tecpetrol,2011,0.0,0.0,0.0,1
FORTIN DE PIEDRA,Tecpetrol,2010,0.0,0.0,0.0,1
FORTIN DE PIEDRA,Tecpetrol,2009,0.0,0.0,0.0,1
FORTIN DE PIEDRA,Tecpetrol,2008,0.0,0.0,0.0,1
LOMA DEL MOLLE,YPF,2015,0.0,0.0,0.0,2
LOMA DEL MOLLE,YPF,2014,0.0,0.0,0.0,1
EL PASILLO,Venoil,2024,0.0,0.0,0.0,1
LAS TACANAS II,YPF,2020,0.0,0.0,0.0,1
LAS TACANAS II,YPF,2019,0.0,0.0,0.0,1
LAS TACANAS II,YPF,2018,0.0,0.0,0.0,1
LAS TACANAS II,YPF,2017,0.0,0.0,0.0,1
LAS TACANAS I,YPF,2026,0.0,0.0,0.0,1
LAS TACANAS I,YPF,2025,0.0,0.0,0.0,1
LAS TACANAS I,YPF,2024,0.0,0.0,0.0,1
LA INVERNADA,ExxonMobil,2025,0.0,0.0,0.0,1
LAS TACANAS I,YPF,2022,0.0,0.0,0.0,1
LAS TACANAS I,YPF,2021,0.0,0.0,0.0,1
LAS TACANAS I,YPF,2020,0.0,0.0,0.0,1
LINDERO ATRAVESADO ORIENTAL,Pan American Energy,2026,0.0,0.0,0.0,1
LINDERO ATRAVESADO ORIENTAL,Pan American Energy,2025,0.0,0.0,0.0,1
LINDERO ATRAVESADO ORIENTAL,Pan American Energy,2024,0.0,0.0,0.0,1
LINDERO ATRAVESADO ORIENTAL,Pan American Energy,2023,0.0,0.0,0.0,1
LINDERO ATRAVESADO ORIENTAL,Pan American Energy,2022,0.0,0.0,0.0,1
LAS TACANAS I,YPF,2023,0.0,0.0,0.0,1
AGUA DE AFUERA,Continental,2026,0.0,0.0,0.0,4
AGUA DE AFUERA,ExxonMobil,2017,0.0,0.0,0.0,1
AGUADA DEL PONCHO,Vista Energy,2025,0.0,0.0,0.0,1
VEGA GRANDE,Grecoil,2019,0.0,0.0,0.0,1
AGUADA DE CASTRO,TotalEnergies,2011,0.0,0.0,0.0,1
AGUADA DE CASTRO,Pan American Energy,2017,0.0,0.0,0.0,1
AGUADA DE CASTRO,TotalEnergies,2017,0.0,0.0,0.0,1
LAS TACANAS II,YPF,2021,0.0,0.0,0.0,1
AGUADA DEL CHIVATO,Patagonia,2026,0.0,0.0,0.0,2
SIERRA CHATA,Petrobras,2013,0.0,0.0,0.0,1
AGUADA FEDERAL,Gas y Petróleo Nqn,2010,0.0,0.0,0.0,7
AGUADA DEL PONCHO,Vista Energy,2026,0.0,0.0,0.0,1
AGUA DE AFUERA,ExxonMobil,2018,0.0,0.0,0.0,1
LAS TACANAS II,YPF,2024,0.0,0.0,0.0,3
LAS TACANAS II,YPF,2023,0.0,0.0,0.0,1
LAS TACANAS II,YPF,2022,0.0,0.0,0.0,1
AGUADA DE CASTRO,TotalEnergies,2016,0.0,0.0,0.0,1
LA RIBERA BLOQUE II,YPF,2026,0.0,0.0,0.0,1
LA RIBERA BLOQUE II,YPF,2025,0.0,0.0,0.0,1
LA RIBERA BLOQUE II,YPF,2024,0.0,0.0,0.0,1
LA RIBERA BLOQUE II,YPF,2023,0.0,0.0,0.0,1
LA RIBERA BLOQUE II,YPF,2017,0.0,0.0,0.0,1
LA RIBERA BLOQUE II,YPF,2016,0.0,0.0,0.0,1
LOMA AMARILLA SUR,YPF,2008,0.0,0.0,0.0,1
LINDERO ATRAVESADO ORIENTAL,Pan American Energy,2021,0.0,0.0,0.0,1
LOMA AMARILLA,YPF,2018,0.0,0.0,0.0,1
LOMA AMARILLA,YPF,2017,0.0,0.0,0.0,1
LOMA AMARILLA,YPF,2016,0.0,0.0,0.0,1
LOMA AMARILLA,YPF,2015,0.0,0.0,0.0,1
LOMA AMARILLA,YPF,2014,0.0,0.0,0.0,1
LOMA AMARILLA,YPF,2013,0.0,0.0,0.0,1
LA INVERNADA,Pluspetrol,2026,0.0,0.0,0.0,1
LA INVERNADA,Pluspetrol,2025,0.0,0.0,0.0,1
LOMA AMARILLA,YPF,2019,0.0,0.0,0.0,1
LINDERO ATRAVESADO ORIENTAL,Pan American Energy,2020,0.0,0.0,0.0,1
LINDERO ATRAVESADO ORIENTAL,Pan American Energy,2019,0.0,0.0,0.0,1
LOMA AMARILLA,YPF,2008,0.0,0.0,0.0,1
LIU CULLIN,Venoil,2026,0.0,0.0,0.0,1
LIU CULLIN,Venoil,2025,0.0,0.0,0.0,1
LIU CULLIN,Venoil,2024,0.0,0.0,0.0,1
LAS TACANAS I,YPF,2019,0.0,0.0,0.0,1
LAS TACANAS I,YPF,2018,0.0,0.0,0.0,1
LAS MANADAS,Bentia,2025,0.0,0.0,0.0,3
LAS TACANAS I,YPF,2016,0.0,0.0,0.0,1
LAS TACANAS I,YPF,2015,0.0,0.0,0.0,1
LAS TACANAS I,YPF,2014,0.0,0.0,0.0,1
LAS MANADAS,YPF,2025,0.0,0.0,0.0,3
LAS MANADAS,YPF,2024,0.0,0.0,0.0,3
LAS MANADAS,YPF,2023,0.0,0.0,0.0,3
LAS MANADAS,YPF,2022,0.0,0.0,0.0,3
LAS MANADAS,Bentia,2026,0.0,0.0,0.0,3
LAS TACANAS I,YPF,2017,0.0,0.0,0.0,1
MESETA BUENA ESPERANZA II,Pluspetrol,2025,0.0,0.0,0.0,1
MESETA BUENA ESPERANZA II,Pluspetrol,2024,0.0,0.0,0.0,1
MESETA BUENA ESPERANZA I,Pluspetrol,2024,0.0,0.0,0.0,2
MESETA BUENA ESPERANZA I,Pluspetrol,2023,0.0,0.0,0.0,2
CINCO SALTOS NORTE,Capex,2025,0.0,0.0,0.0,1
CINCO SALTOS,Pluspetrol,2017,0.0,0.0,0.0,1
CINCO SALTOS,Pluspetrol,2016,0.0,0.0,0.0,1
LOMA RANQUELES,Americas Petrogas,2018,0.0,0.0,0.0,1
CINCO SALTOS,Pluspetrol,2014,0.0,0.0,0.0,1
CHALLACO,Oilstone,2026,0.0,0.0,0.0,3
CHALLACO,Oilstone,2024,0.0,0.0,0.0,2
CERRO PARTIDO,YPF,2018,0.0,0.0,0.0,1
MEDANO DE LA MORA,Petrolera,2013,0.0,0.0,0.0,1
MEDANO DE LA MORA,Petrolera,2012,0.0,0.0,0.0,1
CERRO NEGRO SUR,YPF,2025,0.0,0.0,0.0,1
CERRO NEGRO SUR,YPF,2024,0.0,0.0,0.0,1
CINCO SALTOS,Pluspetrol,2015,0.0,0.0,0.0,1
CORRALERA NORESTE,Kilwer,2011,0.0,0.0,0.0,1
CORRALERA NORESTE,Kilwer,2010,0.0,0.0,0.0,1
CORRALERA NORESTE,Kilwer,2009,0.0,0.0,0.0,1
CORRALERA NORESTE,Kilwer,2008,0.0,0.0,0.0,1
CORRALERA NORESTE,Kilwer,2007,0.0,0.0,0.0,1
CORRALERA NORESTE,Kilwer,2006,0.0,0.0,0.0,1
MATA MORA NORTE,Kilwer,2011,0.0,0.0,0.0,1
MATA MORA NORTE,YPF,2016,0.0,0.0,0.0,1
CN-V,Hattrick,2026,0.0,0.0,0.0,1
CN-V,Hattrick,2025,0.0,0.0,0.0,1
CINCO SALTOS NORTE,Capex,2026,0.0,0.0,0.0,1
MEDANO DE LA MORA,Petrolera,2011,0.0,0.0,0.0,1
MEDANO DE LA MORA,Petrolera,2009,0.0,0.0,0.0,1
MEDANO DE LA MORA,Petrolera,2007,0.0,0.0,0.0,1
MATA MORA NORTE,YPF,2018,0.0,0.0,0.0,1
MATA MORA NORTE,YPF,2017,0.0,0.0,0.0,1
MATA MORA NORTE,Kilwer,2010,0.0,0.0,0.0,1
NARAMBUENA,YPF,2007,0.0,0.0,0.0,1
NARAMBUENA,YPF,2006,0.0,0.0,0.0,1
MIRADOR DEL VALLE,YPF,2025,0.0,0.0,0.0,1
CERRO PARTIDO,YPF,2017,0.0,0.0,0.0,1
CERRO PARTIDO,YPF,2016,0.0,0.0,0.0,1
PAMPA DE LAS YEGUAS II,TotalEnergies,2020,0.0,0.0,0.0,1
PAMPA DE LAS YEGUAS II,TotalEnergies,2019,0.0,0.0,0.0,1
CERRO NEGRO SUR,Quintana,2026,0.0,0.0,0.0,1
PAMPA DE LAS YEGUAS II,TotalEnergies,2017,0.0,0.0,0.0,1
PAMPA DE LAS YEGUAS II,TotalEnergies,2016,0.0,0.0,0.0,1
PAMPA DE LAS YEGUAS II,TotalEnergies,2015,0.0,0.0,0.0,1
PAMPA DE LAS YEGUAS II,TotalEnergies,2014,0.0,0.0,0.0,1
NEUQUEN DEL MEDIO,Oilstone,2026,0.0,0.0,0.0,1
NEUQUEN DEL MEDIO,Oilstone,2025,0.0,0.0,0.0,1
NEUQUEN DEL MEDIO,Oilstone,2024,0.0,0.0,0.0,1
NARAMBUENA,YPF,2025,0.0,0.0,0.0,9
PAMPA DE LAS YEGUAS II,TotalEnergies,2018,0.0,0.0,0.0,1
CERRO NEGRO SUR,Quintana,2025,0.0,0.0,0.0,1
MIRADOR DEL VALLE,YPF,2024,0.0,0.0,0.0,1
MIRADOR DEL VALLE,Venoil,2026,0.0,0.0,0.0,1
MIRADOR DEL VALLE,Venoil,2025,0.0,0.0,0.0,1
MINA THEIS,YPF,2025,0.0,0.0,0.0,1
MINA THEIS,YPF,2024,0.0,0.0,0.0,1
MINA THEIS,Venoil,2026,0.0,0.0,0.0,1
MINA THEIS,Venoil,2025,0.0,0.0,0.0,1
NARAMBUENA,YPF,2008,0.0,0.0,0.0,1
MESETA BUENA ESPERANZA II,Pluspetrol,2026,0.0,0.0,0.0,1
CERRO LAS MINAS,YPF,2026,0.0,0.0,0.0,1
CERRO LAS MINAS,YPF,2025,0.0,0.0,0.0,1
CERRO LAS MINAS,YPF,2024,0.0,0.0,0.0,1
CERRO LAS MINAS,YPF,2023,0.0,0.0,0.0,1
CERRO LAS MINAS,YPF,2022,0.0,0.0,0.0,1
CERRO LAS MINAS,YPF,2021,0.0,0.0,0.0,1
CERRO LAS MINAS,YPF,2020,0.0,0.0,0.0,1
MESETA BUENA ESPERANZA II,YPF,2026,0.0,0.0,0.0,1
CORRALERA SUR,Petrolera El Trébol,2025,0.0,0.0,0.0,1
CORRALERA SUR,Kilwer,2025,0.0,0.0,0.0,1
CORRALERA SUR,Kilwer,2024,0.0,0.0,0.0,1
CORRALERA SUR,Kilwer,2023,0.0,0.0,0.0,1
LOMA RANQUELES,Tecpetrol,2021,0.0,0.0,0.0,2
LOMA RANQUELES,Tecpetrol,2018,0.0,0.0,0.0,1
MALAL DEL MEDIO,YPF,2008,0.0,0.0,0.0,1
CORRALERA NORESTE,Kilwer,2018,0.0,0.0,0.0,1
MALAL DEL MEDIO,YPF,2006,0.0,0.0,0.0,1
LOS VOLCANES,YPF,2025,0.0,0.0,0.0,1
LOS VOLCANES,YPF,2024,0.0,0.0,0.0,1
LOS VOLCANES,Venoil,2026,0.0,0.0,0.0,1
LOS VOLCANES,Venoil,2025,0.0,0.0,0.0,1
LOS TOLDOS NORTE SIN YACIMIENTO,Tecpetrol,2026,0.0,0.0,0.0,2
LOS TOLDOS NORTE SIN YACIMIENTO,Tecpetrol,2025,0.0,0.0,0.0,2
LOS TOLDOS NORTE SIN YACIMIENTO,Tecpetrol,2024,0.0,0.0,0.0,2
MALAL DEL MEDIO,YPF,2007,0.0,0.0,0.0,1
CURAMCHED,Chevron,2026,0.0,0.0,0.0,1
CURAMCHED,Chevron,2025,0.0,0.0,0.0,1
CURAMCHED,Chevron,2024,0.0,0.0,0.0,1
CURAMCHED,Chevron,2023,0.0,0.0,0.0,1
CURAMCHED,Chevron,2022,0.0,0.0,0.0,1
CURAMCHED,Chevron,2021,0.0,0.0,0.0,1
CURAMCHED,Chevron,2020,0.0,0.0,0.0,1
CORRALERA SUR,Petrolera El Trébol,2026,0.0,0.0,0.0,1
LOMA RANQUELES,Tecpetrol,2022,0.0,0.0,0.0,2
CORTADERA,YPF,2018,0.0,0.0,0.0,1
CORTADERA,YPF,2017,0.0,0.0,0.0,1
CORTADERA,YPF,2016,0.0,0.0,0.0,1
CORTADERA,YPF,2015,0.0,0.0,0.0,1
CORTADERA,Apache,2014,0.0,0.0,0.0,1
CORTADERA,Apache,2013,0.0,0.0,0.0,1
CORRALERA SUR,Phoenix,2026,0.0,0.0,0.0,1
CURAMCHED,Chevron,2019,0.0,0.0,0.0,1
MATA MORA NORTE,Kilwer,2006,0.0,0.0,0.0,1
CORRALERA NORESTE,YPF,2018,0.0,0.0,0.0,1
CORRALERA NORESTE,YPF,2017,0.0,0.0,0.0,1
CORRALERA NORESTE,YPF,2016,0.0,0.0,0.0,1
CORRALERA NORESTE,YPF,2015,0.0,0.0,0.0,1
CORRALERA NORESTE,YPF,2014,0.0,0.0,0.0,1
CORRALERA NORESTE,YPF,2013,0.0,0.0,0.0,1
LOS TOLDOS ESTE,Tecpetrol,2021,0.0,0.0,0.0,2
CORRALERA NORESTE,Petrolera El Trébol,2026,0.0,0.0,0.0,2
CORRALERA NORESTE,Petrolera El Trébol,2025,0.0,0.0,0.0,2
CORRALERA NORESTE,Kilwer,2025,0.0,0.0,0.0,2
CORRALERA NORESTE,Kilwer,2024,0.0,0.0,0.0,2
MATA MORA NORTE,YPF,2015,0.0,0.0,0.0,1
MATA MORA NORTE,YPF,2014,0.0,0.0,0.0,1
MATA MORA NORTE,YPF,2013,0.0,0.0,0.0,1
CORRALERA NORESTE,Kilwer,2019,0.0,0.0,0.0,1
CORRALERA NORESTE,Phoenix,2026,0.0,0.0,0.0,2
LOS TOLDOS ESTE,Tecpetrol,2020,0.0,0.0,0.0,2
LOS CAVAOS ESTE,YPF,2026,0.0,0.0,0.0,1
LOS CAVAOS ESTE,YPF,2025,0.0,0.0,0.0,1
LOS CAVAOS ESTE,YPF,2024,0.0,0.0,0.0,1
CORRALERA NORESTE,Kilwer,2023,0.0,0.0,0.0,2
CORRALERA NORESTE,Kilwer,2020,0.0,0.0,0.0,1
MALAL DEL MEDIO,YPF,2023,0.0,0.0,0.0,1
MALAL DEL MEDIO,YPF,2022,0.0,0.0,0.0,1
MATA MORA NORTE,Kilwer,2007,0.0,0.0,0.0,1
MALAL DEL MEDIO,YPF,2020,0.0,0.0,0.0,1
MALAL DEL MEDIO,YPF,2019,0.0,0.0,0.0,1
MALAL DEL MEDIO,YPF,2018,0.0,0.0,0.0,1
MALAL DEL MEDIO,YPF,2017,0.0,0.0,0.0,1
MALAL DEL MEDIO,YPF,2016,0.0,0.0,0.0,1
MALAL DEL MEDIO,YPF,2015,0.0,0.0,0.0,1
MATA MORA NORTE,Kilwer,2009,0.0,0.0,0.0,1
MATA MORA NORTE,Kilwer,2008,0.0,0.0,0.0,1
MALAL DEL MEDIO,YPF,2021,0.0,0.0,0.0,1
