anio,empresa_grupo,boe,market_share_pct,anio_parcial
2006,Petrobras,18358.0,83.32,False
2006,Petrolera,3676.0,16.68,False
2006,Kilwer,0.0,0.0,False
2006,Tecpetrol,0.0,0.0,False
2006,YPF,0.0,0.0,False
2007,Capex,32859.0,60.3,False
2007,Petrobras,15018.0,27.56,False
2007,Petrolera,6615.0,12.14,False
2007,Kilwer,0.0,0.0,False
2007,Tecpetrol,0.0,0.0,False
2007,TotalEnergies,0.0,0.0,False
2007,YPF,0.0,0.0,False
2008,Petrolera,40123.0,74.42,False
2008,Capex,13790.0,25.58,False
2008,Kilwer,0.0,0.0,False
2008,Tecpetrol,0.0,0.0,False
2008,TotalEnergies,0.0,0.0,False
2008,YPF,0.0,0.0,False
2009,Petrolera,56161.0,81.09,False
2009,Capex,13099.0,18.91,False
2009,Kilwer,0.0,0.0,False
2009,Tecpetrol,0.0,0.0,False
2009,TotalEnergies,0.0,0.0,False
2010,Petrolera,65813.0,67.93,False
2010,YPF,20208.0,20.86,False
2010,Capex,10857.0,11.21,False
2010,Gas y Petróleo Nqn,0.0,0.0,False
2010,Kilwer,0.0,0.0,False
2010,Tecpetrol,0.0,0.0,False
2010,TotalEnergies,0.0,0.0,False
2011,YPF,453807.0,86.18,False
2011,Petrolera,61672.0,11.71,False
2011,Capex,9725.0,1.85,False
2011,Roch,1397.0,0.27,False
2011,ExxonMobil,0.0,0.0,False
2011,Kilwer,0.0,0.0,False
2011,Tecpetrol,0.0,0.0,False
2011,TotalEnergies,0.0,0.0,False
2012,YPF,1254415.0,84.16,False
2012,TotalEnergies,70122.0,4.7,False
2012,Petrolera,42249.0,2.83,False
2012,Pluspetrol,30728.0,2.06,False
2012,Medanito,29957.0,2.01,False
2012,Pan American Energy,27262.0,1.83,False
2012,Roch,13327.0,0.89,False
2012,Capex,11998.0,0.8,False
2012,Americas Petrogas,10393.0,0.7,False
2012,Tecpetrol,101.0,0.01,False
2012,ExxonMobil,0.0,0.0,False
2012,O&G Developments,0.0,0.0,False
2013,YPF,3074843.0,85.75,False
2013,TotalEnergies,125615.0,3.5,False
2013,O&G Developments,111269.0,3.1,False
2013,Petrolera,57590.0,1.61,False
2013,Pluspetrol,54794.0,1.53,False
2013,Medanito,36261.0,1.01,False
2013,Chevron,34457.0,0.96,False
2013,Americas Petrogas,31472.0,0.88,False
2013,Capex,27148.0,0.76,False
2013,Pan American Energy,17137.0,0.48,False
2013,Roch,7310.0,0.2,False
2013,Gas y Petróleo Nqn,4548.0,0.13,False
2013,Tecpetrol,3439.0,0.1,False
2013,Apache,0.0,0.0,False
2013,ExxonMobil,0.0,0.0,False
2013,Petrobras,0.0,0.0,False
2014,YPF,7965347.0,87.23,False
2014,TotalEnergies,367063.0,4.02,False
2014,O&G Developments,225547.0,2.47,False
2014,ExxonMobil,183348.0,2.01,False
2014,Chevron,84331.0,0.92,False
2014,Petrobras,73750.0,0.81,False
2014,Petrolera,62473.0,0.68,False
2014,Pluspetrol,55470.0,0.61,False
2014,Americas Petrogas,31125.0,0.34,False
2014,Capex,22443.0,0.25,False
2014,Medanito,23095.0,0.25,False
2014,Wintershall,18438.0,0.2,False
2014,Tecpetrol,11372.0,0.12,False
2014,Pan American Energy,5086.0,0.06,False
2014,Argenta,784.0,0.01,False
2014,Grecoil,884.0,0.01,False
2014,Apache,0.0,0.0,False
2014,Roch,443.0,0.0,False
2015,YPF,12916610.0,87.18,False
2015,TotalEnergies,999584.0,6.75,False
2015,O&G Developments,428640.0,2.89,False
2015,ExxonMobil,115596.0,0.78,False
2015,Petrolera,80058.0,0.54,False
2015,Tecpetrol,57641.0,0.39,False
2015,Pluspetrol,55423.0,0.37,False
2015,Petrobras,47437.0,0.32,False
2015,Pan American Energy,23914.0,0.16,False
2015,Chevron,22804.0,0.15,False
2015,Capex,18482.0,0.12,False
2015,Americas Petrogas,13596.0,0.09,False
2015,Medanito,13959.0,0.09,False
2015,Grecoil,9120.0,0.06,False
2015,Wintershall,8600.0,0.06,False
2015,Roch,5036.0,0.03,False
2015,Argenta,0.0,0.0,False
2016,YPF,16626190.0,82.89,False
2016,TotalEnergies,2829398.0,14.11,False
2016,O&G Developments,219205.0,1.09,False
2016,Petrolera,76093.0,0.38,False
2016,Tecpetrol,68558.0,0.34,False
2016,Wintershall,63878.0,0.32,False
2016,Pan American Energy,39456.0,0.2,False
2016,Pluspetrol,37263.0,0.19,False
2016,Petrobras,31441.0,0.16,False
2016,Capex,23825.0,0.12,False
2016,Chevron,17491.0,0.09,False
2016,Medanito,12735.0,0.06,False
2016,Grecoil,8071.0,0.04,False
2016,Americas Petrogas,3654.0,0.02,False
2016,Argenta,607.0,0.0,False
2016,Energicon,0.0,0.0,False
2016,ExxonMobil,0.0,0.0,False
2016,Madalena,424.0,0.0,False
2016,Roch,616.0,0.0,False
2017,YPF,21920679.0,81.01,False
2017,TotalEnergies,1569999.0,5.8,False
2017,Tecpetrol,1485861.0,5.49,False
2017,O&G Developments,971824.0,3.59,False
2017,ExxonMobil,301645.0,1.11,False
2017,Pan American Energy,217365.0,0.8,False
2017,Wintershall,212829.0,0.79,False
2017,Americas Petrogas,142855.0,0.53,False
2017,Petrolera,82436.0,0.3,False
2017,Petrobras,57003.0,0.21,False
2017,Pluspetrol,30602.0,0.11,False
2017,Capex,20541.0,0.08,False
2017,Chevron,15682.0,0.06,False
2017,Medanito,13010.0,0.05,False
2017,Grecoil,8058.0,0.03,False
2017,Petrolera El Trébol,7351.0,0.03,False
2017,Argenta,0.0,0.0,False
2017,Energicon,0.0,0.0,False
2018,YPF,32001313.0,53.08,False
2018,Tecpetrol,17045349.0,28.27,False
2018,TotalEnergies,4278938.0,7.1,False
2018,Pan American Energy,3178833.0,5.27,False
2018,O&G Developments,1624945.0,2.7,False
2018,ExxonMobil,1288079.0,2.14,False
2018,Wintershall,380879.0,0.63,False
2018,Petrobras,166186.0,0.28,False
2018,Pampa Energía,106505.0,0.18,False
2018,Pluspetrol,91135.0,0.15,False
2018,Americas Petrogas,39191.0,0.07,False
2018,Petrolera,24290.0,0.04,False
2018,Vista Energy,22529.0,0.04,False
2018,Capex,16364.0,0.03,False
2018,Chevron,4191.0,0.01,False
2018,Kilwer,3199.0,0.01,False
2018,Medanito,8419.0,0.01,False
2018,Petrolera El Trébol,7933.0,0.01,False
2018,APCO,0.0,0.0,False
2018,Argenta,0.0,0.0,False
2018,Energicon,0.0,0.0,False
2018,Grecoil,1707.0,0.0,False
2019,YPF,43212250.0,42.98,False
2019,Tecpetrol,30405310.0,30.24,False
2019,TotalEnergies,11160815.0,11.1,False
2019,Pan American Energy,5795882.0,5.76,False
2019,ExxonMobil,2733606.0,2.72,False
2019,Shell,1967956.0,1.96,False
2019,Vista Energy,1852759.0,1.84,False
2019,Pluspetrol,1799360.0,1.79,False
2019,Pampa Energía,617314.0,0.61,False
2019,Wintershall,416146.0,0.41,False
2019,O&G Developments,294686.0,0.29,False
2019,Kilwer,180115.0,0.18,False
2019,Petrolera El Trébol,89626.0,0.09,False
2019,Capex,12972.0,0.01,False
2019,Medanito,7211.0,0.01,False
2019,APCO,0.0,0.0,False
2019,Argenta,0.0,0.0,False
2019,Chevron,4905.0,0.0,False
2019,Grecoil,0.0,0.0,False
2020,YPF,41504097.0,39.21,False
2020,Tecpetrol,24859109.0,23.48,False
2020,TotalEnergies,11357423.0,10.73,False
2020,Pan American Energy,7222433.0,6.82,False
2020,Pluspetrol,6968252.0,6.58,False
2020,ExxonMobil,4687837.0,4.43,False
2020,Shell,4376182.0,4.13,False
2020,Vista Energy,3114189.0,2.94,False
2020,Pampa Energía,1072038.0,1.01,False
2020,Wintershall,455954.0,0.43,False
2020,Kilwer,103152.0,0.1,False
2020,Chevron,76690.0,0.07,False
2020,Petrolera El Trébol,35406.0,0.03,False
2020,Capex,16091.0,0.02,False
2020,Medanito,7667.0,0.01,False
2020,Argenta,0.0,0.0,False
2021,YPF,59048255.0,42.88,False
2021,Tecpetrol,28889173.0,20.98,False
2021,TotalEnergies,9949439.0,7.22,False
2021,Pluspetrol,9113105.0,6.62,False
2021,Pan American Energy,9084948.0,6.6,False
2021,Vista Energy,8399654.0,6.1,False
2021,Shell,6782238.0,4.92,False
2021,ExxonMobil,3522376.0,2.56,False
2021,Chevron,1315127.0,0.95,False
2021,Pampa Energía,1126962.0,0.82,False
2021,Wintershall,291811.0,0.21,False
2021,Kilwer,150908.0,0.11,False
2021,Petrolera El Trébol,22577.0,0.02,False
2021,Capex,12312.0,0.01,False
2021,Medanito,9006.0,0.01,False
2021,Argenta,0.0,0.0,False
2021,Capetrol,772.0,0.0,False
2022,YPF,84414568.0,43.12,False
2022,Tecpetrol,35147752.0,17.95,False
2022,Pan American Energy,18184848.0,9.29,False
2022,Vista Energy,13594123.0,6.94,False
2022,TotalEnergies,13561984.0,6.93,False
2022,Shell,12239523.0,6.25,False
2022,Pluspetrol,10980210.0,5.61,False
2022,ExxonMobil,4543189.0,2.32,False
2022,Pampa Energía,1414480.0,0.72,False
2022,Kilwer,842533.0,0.43,False
2022,Chevron,770784.0,0.39,False
2022,Capex,16403.0,0.01,False
2022,Petrolera El Trébol,28841.0,0.01,False
2022,Venoil,12188.0,0.01,False
2022,Argenta,0.0,0.0,False
2022,Capetrol,6383.0,0.0,False
2022,Patagonia,2275.0,0.0,False
2023,YPF,97695130.0,41.37,False
2023,Tecpetrol,36661950.0,15.52,False
2023,Pan American Energy,23515486.0,9.96,False
2023,TotalEnergies,18791788.0,7.96,False
2023,Vista Energy,17527149.0,7.42,False
2023,Pluspetrol,13055776.0,5.53,False
2023,Shell,11349701.0,4.81,False
2023,Pampa Energía,9860204.0,4.18,False
2023,ExxonMobil,4121767.0,1.75,False
2023,Kilwer,2709033.0,1.15,False
2023,Chevron,717679.0,0.3,False
2023,Capex,81692.0,0.03,False
2023,Petrolera El Trébol,36499.0,0.02,False
2023,Petroquimica,12148.0,0.01,False
2023,Venoil,13683.0,0.01,False
2023,Argenta,0.0,0.0,False
2023,Patagonia,8651.0,0.0,False
2023,Petrolera,1638.0,0.0,False
2024,YPF,114066360.0,39.07,False
2024,Tecpetrol,38884755.0,13.32,False
2024,Pan American Energy,28648503.0,9.81,False
2024,Vista Energy,24402359.0,8.36,False
2024,TotalEnergies,23776320.0,8.14,False
2024,Pluspetrol,20951420.0,7.18,False
2024,Pampa Energía,16994024.0,5.82,False
2024,Shell,12154523.0,4.16,False
2024,Kilwer,4405203.0,1.51,False
2024,ExxonMobil,3949875.0,1.35,False
2024,Chevron,2820178.0,0.97,False
2024,Capex,462983.0,0.16,False
2024,Petrolera El Trébol,288279.0,0.1,False
2024,Petroquimica,98219.0,0.03,False
2024,Argenta,0.0,0.0,False
2024,G,4061.0,0.0,False
2024,Oilstone,1087.0,0.0,False
2024,Patagonia,5164.0,0.0,False
2024,Petrolera,2057.0,0.0,False
2024,Roch,89.0,0.0,False
2024,Venoil,5234.0,0.0,False
2025,YPF,138709874.0,40.14,False
2025,Tecpetrol,41311982.0,11.95,False
2025,Pluspetrol,37589885.0,10.88,False
2025,Pan American Energy,28593626.0,8.27,False
2025,Vista Energy,27703209.0,8.02,False
2025,TotalEnergies,22450583.0,6.5,False
2025,Pampa Energía,21943924.0,6.35,False
2025,Shell,12509039.0,3.62,False
2025,Chevron,7078586.0,2.05,False
2025,Kilwer,4039862.0,1.17,False
2025,Petrolera El Trébol,1685976.0,0.49,False
2025,Capex,800869.0,0.23,False
2025,Vaca,614695.0,0.18,False
2025,ExxonMobil,358590.0,0.1,False
2025,Geopark,93527.0,0.03,False
2025,Petroquimica,60755.0,0.02,False
2025,Bentia,20974.0,0.01,False
2025,Quintana,19089.0,0.01,False
2025,Argenta,0.0,0.0,False
2025,Flxs,2898.0,0.0,False
2025,G,6571.0,0.0,False
2025,Hattrick,0.0,0.0,False
2025,Oilstone,1756.0,0.0,False
2025,Patagonia,1329.0,0.0,False
2025,Petrolera,1917.0,0.0,False
2025,Roch,0.0,0.0,False
2025,Venoil,0.0,0.0,False
2026,YPF,92879922.0,38.89,True
2026,Pluspetrol,29947583.0,12.54,True
2026,Tecpetrol,26745441.0,11.2,True
2026,Vista Energy,18109784.0,7.58,True
2026,Pan American Energy,17537505.0,7.34,True
2026,Pampa Energía,17165651.0,7.19,True
2026,TotalEnergies,13446234.0,5.63,True
2026,Shell,9579576.0,4.01,True
2026,Chevron,6458251.0,2.7,True
2026,Phoenix,3682727.0,1.54,True
2026,Vaca,1263259.0,0.53,True
2026,Petrolera El Trébol,1229830.0,0.51,True
2026,Capex,383648.0,0.16,True
2026,Geopark,324776.0,0.14,True
2026,Bentia,23549.0,0.01,True
2026,Petroquimica,20613.0,0.01,True
2026,Quintana,26156.0,0.01,True
2026,Argenta,0.0,0.0,True
2026,Continental,0.0,0.0,True
2026,Flxs,6106.0,0.0,True
2026,G,3667.0,0.0,True
2026,Hattrick,0.0,0.0,True
2026,Oilstone,1200.0,0.0,True
2026,Patagonia,0.0,0.0,True
2026,Petrolera,580.0,0.0,True
2026,Roch,0.0,0.0,True
2026,Tango,509.0,0.0,True
2026,Venoil,0.0,0.0,True
