cohorte,mes_vida,pozos_en_muestra,petroleo_prom_m3,gas_prom_mm3,boe_prom
2006,0,101,2.1,0.2,967.9
2006,1,101,2.7,0.2,931.0
2006,2,101,3.1,0.2,1189.9
2006,3,101,2.7,0.2,1189.5
2006,4,101,2.9,0.2,1136.3
2006,5,101,3.0,0.2,1027.5
2006,6,101,1.9,0.2,1025.4
2006,7,101,2.7,0.2,1233.0
2006,8,101,3.2,0.2,1234.5
2006,9,101,3.3,0.2,1059.6
2006,10,101,2.5,0.2,1064.4
2006,11,101,3.2,0.2,1077.4
2006,12,101,2.8,0.2,936.4
2006,13,101,2.5,0.2,948.1
2006,14,101,2.3,0.2,1022.6
2006,15,101,2.9,0.2,906.2
2006,16,101,2.3,0.1,803.6
2006,17,101,2.5,0.1,870.1
2006,18,101,2.4,0.2,991.3
2006,19,101,2.6,0.2,1215.6
2006,20,101,2.6,0.2,1255.9
2006,21,101,3.0,0.2,1232.5
2006,22,101,3.0,0.2,1280.6
2006,23,101,3.0,0.2,1364.7
2006,24,101,3.2,0.2,1223.5
2006,25,101,2.6,0.2,1028.2
2006,26,101,2.8,0.2,1045.8
2006,27,101,1.9,0.0,173.0
2006,28,101,0.8,0.0,161.8
2006,29,101,4.6,0.3,1752.2
2006,30,101,5.1,0.4,2107.5
2006,31,101,5.7,0.7,4111.6
2006,32,9,54.0,3.7,22146.6
2006,33,9,103.2,8.2,48921.0
2006,34,9,108.0,9.3,55388.7
2006,35,9,93.1,9.5,56505.9
2006,36,9,97.4,10.8,63937.9
2006,37,9,89.2,10.1,59811.8
2006,38,9,79.1,8.6,50958.8
2006,39,9,72.4,10.4,61581.4
2006,40,9,72.3,10.9,64383.4
2006,41,9,67.4,10.6,62759.9
2006,42,9,58.3,11.1,65421.7
2006,43,9,68.0,14.4,85201.7
2006,44,9,63.8,11.7,69232.7
2006,45,9,76.5,12.6,74429.4
2006,46,9,63.8,11.4,67652.7
2006,47,9,64.1,7.2,43057.2
2006,48,9,69.4,8.3,49356.0
2006,49,9,62.0,8.7,51715.8
2006,50,9,67.6,8.3,48996.0
2006,51,9,65.8,7.2,42872.0
2006,52,9,59.5,7.3,43412.6
2006,53,9,59.5,9.1,53676.0
2006,54,10,72.8,34.7,204650.8
2006,55,10,133.4,47.0,277264.2
2006,56,10,128.2,47.8,282016.8
2006,57,10,114.3,44.5,262786.4
2006,58,11,132.4,43.5,256802.2
2006,59,11,139.0,27.2,160861.8
2006,60,11,127.3,33.9,200532.8
2006,61,13,123.5,20.7,122895.3
2006,62,13,168.4,27.9,165138.6
2006,63,14,170.7,29.5,174909.4
2006,64,15,183.2,44.0,259931.0
2006,65,16,129.0,44.0,259889.6
2006,66,18,137.5,40.6,239571.7
2006,67,20,300.4,139.8,824518.6
2006,68,20,451.1,242.4,1429614.6
2006,69,21,384.5,223.8,1319805.0
2006,70,23,372.8,153.6,906476.9
2006,71,27,342.9,134.8,795801.7
2006,72,30,328.2,144.6,853029.8
2006,73,30,339.9,163.1,962119.5
2006,74,35,322.3,144.4,851785.1
2006,75,37,301.4,130.1,767517.2
2006,76,38,303.2,120.5,711211.7
2006,77,40,305.2,123.0,725973.9
2006,78,43,268.0,116.3,686122.3
2006,79,43,301.5,119.2,703510.4
2006,80,45,289.5,124.4,733786.1
2006,81,45,277.7,127.6,752862.4
2006,82,46,213.0,85.4,504011.3
2006,83,48,228.1,100.0,590253.0
2006,84,52,246.6,126.5,746224.6
2006,85,55,238.8,126.6,746646.0
2006,86,61,261.8,145.3,856692.8
2006,87,65,287.5,162.2,956324.3
2006,88,70,286.2,145.1,855809.2
2006,89,83,277.5,126.2,744597.4
2006,90,88,339.4,142.5,840638.0
2006,91,93,324.2,146.7,865262.2
2006,92,101,306.5,145.2,856364.5
2006,93,101,337.2,152.6,900538.6
2006,94,101,304.1,150.9,890335.3
2006,95,101,287.9,142.0,837793.1
2006,96,101,255.8,129.4,763306.3
2006,97,101,211.7,104.8,618478.9
2006,98,101,218.4,116.1,684677.1
2006,99,101,205.5,119.1,702254.3
2006,100,101,199.0,106.6,628929.3
2006,101,101,175.7,90.5,533903.3
2006,102,101,153.6,85.2,502223.1
2006,103,101,144.1,85.9,506271.2
2006,104,101,156.6,94.4,556737.8
2006,105,101,155.0,93.3,550272.2
2006,106,101,140.9,90.4,532704.2
2006,107,101,137.5,76.9,453624.3
2006,108,101,133.4,73.2,431706.9
2006,109,101,114.4,71.7,422937.5
2006,110,101,120.2,79.3,467466.0
2006,111,101,122.6,78.1,460536.3
2006,112,101,114.4,67.2,396533.8
2006,113,100,110.6,71.5,421260.6
2006,114,101,111.6,67.6,398357.3
2006,115,101,112.5,65.5,386329.9
2006,116,101,100.7,61.8,364486.1
2006,117,101,87.6,57.0,336264.6
2006,118,101,77.3,45.6,268680.5
2006,119,101,79.2,46.5,274408.1
2006,120,101,77.0,45.8,270284.7
2010,0,7,0.0,0.0,0.0
2010,1,7,0.0,0.0,0.0
2010,2,7,0.0,0.0,0.0
2010,3,7,0.0,0.0,0.0
2010,4,7,0.0,0.0,0.0
2010,5,7,0.0,0.0,0.0
2010,6,7,0.0,0.0,0.0
2010,80,5,29.6,8.9,52842.2
2010,81,5,2.0,0.0,12.4
2010,82,5,315.7,38.4,227961.0
2010,83,5,436.4,57.5,341149.8
2010,84,7,174.9,24.7,146635.4
2010,85,7,172.5,21.4,127339.4
2010,86,7,505.7,65.4,388301.7
2010,87,7,531.1,75.8,449735.0
2010,88,7,431.3,65.1,386161.4
2010,89,7,328.0,51.0,302195.4
2010,90,7,298.3,46.9,278006.4
2010,91,7,265.5,41.8,247660.1
2010,92,7,222.6,36.1,213815.1
2010,93,7,228.2,36.1,213735.4
2010,94,7,187.5,29.8,176687.0
2010,95,7,201.3,31.6,186972.1
2010,96,7,187.9,29.4,174079.6
2010,97,7,158.6,25.1,148749.9
2010,98,7,173.8,27.2,161074.0
2010,99,7,121.7,20.4,120756.0
2010,100,7,110.6,16.4,97013.9
2010,101,7,124.4,20.4,121058.3
2010,102,7,39.9,6.5,38466.0
2010,103,7,0.0,0.0,0.0
2010,104,7,0.0,0.0,0.0
2010,105,7,0.0,0.0,0.0
2010,106,7,0.0,0.0,0.0
2010,107,7,0.0,0.0,0.0
2010,108,7,0.0,0.0,0.0
2010,109,7,0.0,0.0,0.0
2010,110,7,0.0,0.0,0.0
2010,111,7,0.0,0.0,0.0
2010,112,7,0.0,0.0,0.0
2010,113,7,0.0,0.0,0.0
2010,114,7,30.1,4.3,25474.1
2010,115,7,39.3,3.3,19670.9
2010,116,7,30.1,2.7,16224.4
2010,117,7,15.8,1.3,7708.3
2010,118,7,1.2,0.1,713.7
2010,119,7,0.0,0.0,0.0
2010,120,7,0.0,0.0,0.0
2011,0,6,88.3,14.2,83960.2
2011,1,6,131.7,9.1,54606.8
2011,2,6,146.5,34.0,201045.3
2011,3,6,179.3,42.8,253333.0
2011,4,6,93.0,31.6,186297.8
2011,5,6,56.4,21.7,128228.0
2011,6,6,48.8,20.9,123265.2
2011,7,6,41.0,18.4,108746.7
2011,8,6,39.9,15.2,89590.5
2011,9,6,75.7,16.9,99979.0
2011,10,6,91.9,13.4,79219.0
2011,11,6,58.7,13.8,81360.8
2011,13,6,27.7,0.0,174.3
2011,15,6,118.5,8.0,47646.7
2011,16,6,32.8,0.9,5670.2
2011,18,6,71.3,26.1,154181.2
2011,20,6,35.4,6.0,35646.5
2011,22,6,125.6,5.9,35292.0
2011,23,6,72.9,6.5,38609.7
2011,24,6,87.9,6.3,37487.8
2011,25,6,158.5,143.0,842878.2
2011,26,6,213.4,250.4,1474947.2
2011,27,6,118.8,266.0,1566506.5
2011,28,6,109.4,12.6,74866.8
2011,29,6,120.6,8.0,47552.5
2011,30,6,41.0,2.8,16913.0
2011,31,6,32.5,1.6,9784.8
2011,32,6,56.9,20.2,119518.7
2011,33,6,43.7,20.5,120648.7
2011,34,6,52.1,12.3,72957.3
2011,35,6,42.0,15.9,93704.7
2011,36,6,41.6,15.0,88669.3
2011,37,6,49.7,16.5,97486.5
2011,38,6,39.4,5.4,32141.7
2011,39,6,294.6,68.2,403237.5
2011,40,6,707.9,181.0,1069926.7
2011,41,6,550.8,143.7,849189.7
2011,42,6,46.5,1.6,9671.0
2011,43,6,440.7,108.0,638420.8
2011,44,6,411.6,107.6,635735.2
2011,45,6,367.1,87.0,514121.3
2011,46,6,288.7,74.1,437680.0
2011,47,6,256.8,68.2,402770.7
2011,48,6,251.2,62.9,371764.2
2011,49,6,201.7,53.0,313502.7
2011,50,6,221.7,61.7,364452.5
2011,51,6,206.2,53.9,318645.8
2011,52,6,190.9,53.3,315211.7
2011,53,6,132.4,38.5,227698.8
2011,54,6,173.0,52.5,310262.5
2011,55,6,140.5,43.7,257954.7
2011,56,6,127.0,38.9,229497.0
2011,57,6,117.9,36.3,214673.3
2011,58,6,74.5,24.4,143822.2
2011,59,6,0.4,0.0,83.5
2011,60,6,0.0,0.0,0.0
2011,61,6,0.0,0.0,1.3
2011,62,6,0.2,0.0,50.3
2011,63,6,0.7,0.1,308.5
2011,64,6,0.2,0.0,138.5
2011,65,6,0.3,0.1,413.8
2011,66,6,0.5,0.0,3.5
2011,67,6,0.5,0.0,2.8
2011,68,6,5.0,0.0,31.3
2011,69,6,0.0,0.0,0.0
2011,70,6,0.0,0.0,0.0
2011,71,6,0.0,0.0,0.0
2011,72,6,0.0,0.0,0.0
2011,73,6,0.0,0.0,0.0
2011,74,6,0.0,0.0,0.0
2011,75,6,0.0,0.0,0.0
2011,76,6,0.0,0.0,0.0
2011,77,6,0.0,0.0,0.0
2011,78,6,206.3,37.6,222519.2
2011,79,6,140.2,42.4,250246.0
2011,80,6,0.0,0.0,0.0
2011,81,6,0.0,0.4,2407.3
2011,82,6,180.9,33.1,195894.8
2011,83,6,61.5,11.9,70286.8
2011,84,6,93.3,32.0,188882.5
2011,85,6,104.9,39.7,234054.5
2011,86,6,122.1,54.2,319828.8
2011,87,6,109.7,41.4,244115.2
2011,88,6,94.1,39.3,231872.5
2011,89,6,81.2,28.5,168085.3
2011,90,6,146.8,29.9,177026.3
2011,91,6,121.9,40.0,236373.8
2011,92,6,78.4,34.8,205502.5
2011,93,5,74.2,21.2,125191.2
2011,94,6,88.9,18.5,109401.2
2011,95,6,67.7,15.8,93532.3
2011,96,6,147.5,63.3,373403.8
2011,97,6,111.2,75.2,443346.3
2011,98,6,98.7,76.8,452871.3
2011,99,6,89.7,81.2,478281.5
2011,100,6,107.8,96.3,567519.7
2011,101,6,70.6,79.8,469951.0
2011,102,6,21.6,2.0,11682.0
2011,103,6,15.2,1.0,6031.0
2011,104,6,52.2,70.8,417076.7
2011,105,6,25.1,27.3,160698.5
2011,106,6,53.4,49.0,288641.8
2011,107,6,75.9,88.5,521251.0
2011,108,6,60.6,88.0,518624.0
2011,109,6,9.0,1.8,10562.8
2011,110,6,11.5,0.7,4467.5
2011,111,6,27.5,3.8,22372.8
2011,112,6,89.5,38.6,227955.7
2011,113,6,89.5,63.9,376566.5
2011,114,6,51.0,57.0,335835.7
2011,115,6,77.7,87.2,513673.5
2011,116,6,19.0,20.1,118390.8
2011,117,6,68.9,28.5,168204.2
2011,118,6,85.2,79.0,465277.8
2011,119,6,126.4,92.6,545810.0
2011,120,6,117.6,90.1,531173.5
2012,0,22,87.2,23.2,137348.0
2012,1,22,148.4,243.7,1435355.5
2012,2,22,144.9,129.3,762112.5
2012,3,22,121.0,102.2,602171.3
2012,4,21,129.3,71.3,420327.1
2012,5,22,112.8,66.7,393392.0
2012,6,21,117.5,68.0,400843.3
2012,7,22,162.6,70.6,416402.4
2012,8,22,169.2,72.0,424912.1
2012,9,22,129.0,91.4,538645.8
2012,10,22,93.7,91.6,539843.9
2012,11,22,90.5,81.3,479161.7
2012,12,22,98.1,49.9,294405.5
2012,13,22,91.4,35.6,210288.0
2012,14,22,89.8,29.5,174129.4
2012,15,22,79.3,51.9,305942.1
2012,16,22,83.2,44.1,260204.5
2012,17,22,67.0,41.8,246524.7
2012,18,22,71.6,37.6,221474.1
2012,19,22,59.3,38.6,227609.3
2012,20,22,54.5,41.3,243436.7
2012,21,22,41.2,34.2,201468.5
2012,22,22,65.7,27.9,164631.9
2012,23,22,45.5,34.4,202542.2
2012,24,22,43.4,31.2,183662.2
2012,25,22,66.2,34.2,201957.3
2012,26,22,62.8,37.7,222264.0
2012,27,22,52.2,32.2,189966.5
2012,28,22,46.3,29.5,173656.7
2012,29,22,50.3,31.1,183658.3
2012,30,22,42.7,23.2,136690.1
2012,31,22,50.9,12.7,74816.5
2012,32,22,44.9,35.3,208213.5
2012,33,21,33.0,51.4,302539.0
2012,34,22,36.1,52.8,311014.0
2012,35,22,27.3,27.9,164422.0
2012,36,22,40.6,27.5,162070.5
2012,37,22,31.2,26.3,155203.9
2012,38,22,33.5,31.0,182699.5
2012,39,22,30.3,31.9,187994.6
2012,40,22,30.3,30.1,177139.0
2012,41,22,34.7,24.0,141557.9
2012,42,22,34.2,22.8,134226.7
2012,43,22,31.0,22.4,132307.3
2012,44,22,30.9,23.1,136422.5
2012,45,22,25.7,21.8,128416.4
2012,46,22,27.4,33.6,197821.7
2012,47,22,59.8,19.1,112743.3
2012,48,22,50.3,20.2,118946.7
2012,49,22,38.3,13.3,78515.3
2012,50,22,19.8,11.3,66611.6
2012,51,22,20.2,10.3,60693.8
2012,52,22,24.0,10.6,62760.5
2012,53,22,33.8,9.1,53803.3
2012,54,22,33.9,15.8,93326.5
2012,55,22,44.6,15.2,89935.6
2012,56,22,39.4,13.8,81632.0
2012,57,22,33.5,9.5,56236.1
2012,58,22,23.3,5.2,30956.3
2012,59,22,19.2,7.2,42443.6
2012,60,22,30.0,23.8,140069.6
2012,61,22,30.9,11.1,65463.5
2012,62,22,42.4,10.0,59253.8
2012,63,22,39.5,9.3,54746.0
2012,64,22,34.4,3.9,23295.8
2012,65,22,34.0,2.9,17133.0
2012,66,22,35.9,4.3,25801.0
2012,67,22,34.1,6.2,36747.3
2012,68,22,31.4,5.2,30840.0
2012,69,22,31.2,6.0,35605.8
2012,70,22,29.7,6.9,41016.5
2012,71,22,28.0,32.3,190087.0
2012,72,22,31.3,24.0,141610.8
2012,73,21,36.5,20.6,121473.2
2012,74,22,31.2,23.7,139769.5
2012,75,22,28.1,7.9,46473.0
2012,76,21,26.0,21.9,129243.2
2012,77,22,28.4,14.9,87643.1
2012,78,21,29.4,10.9,64531.8
2012,79,21,21.4,3.1,18352.9
2012,80,20,25.8,3.4,20320.4
2012,81,21,26.0,4.0,23926.5
2012,82,22,23.5,3.1,18628.7
2012,83,22,20.6,13.8,81344.8
2012,84,21,24.6,12.1,71640.3
2012,85,22,24.0,16.0,94521.0
2012,86,22,23.6,15.6,92166.1
2012,87,22,25.1,13.0,76954.4
2012,88,22,25.5,10.7,62849.0
2012,89,22,22.3,13.7,80970.0
2012,90,22,20.2,11.3,66452.4
2012,91,22,20.0,12.1,71067.5
2012,92,22,19.8,10.0,59161.9
2012,93,22,30.4,10.9,64520.5
2012,94,22,25.5,10.0,58938.1
2012,95,22,22.2,9.6,56684.3
2012,96,22,20.4,10.6,62558.3
2012,97,22,16.9,9.3,54649.9
2012,98,22,13.7,10.4,61563.8
2012,99,22,14.0,9.5,56142.3
2012,100,22,16.2,9.8,57873.2
2012,101,22,15.8,10.8,63431.9
2012,102,22,14.6,10.4,61581.1
2012,103,22,16.1,11.1,65487.8
2012,104,22,15.8,10.2,60417.0
2012,105,22,17.8,10.0,58797.1
2012,106,22,15.6,11.0,65053.2
2012,107,22,18.4,11.5,67629.6
2012,108,22,17.4,10.7,62960.2
2012,109,22,26.4,12.2,71699.4
2012,110,22,25.7,10.9,64218.7
2012,111,22,22.0,11.8,69645.2
2012,112,22,17.6,10.7,62947.0
2012,113,22,19.3,11.3,66505.4
2012,114,22,20.8,10.7,63078.6
2012,115,22,22.8,10.4,61199.4
2012,116,22,19.7,9.5,55760.1
2012,117,22,19.4,13.2,77686.6
2012,118,22,20.1,9.1,53444.8
2012,119,22,18.9,7.0,41278.6
2012,120,22,18.9,6.4,37618.6
2013,0,68,200.0,39.7,234779.3
2013,1,65,462.4,137.8,814002.0
2013,2,67,386.9,113.7,671711.0
2013,3,65,312.6,132.7,782800.0
2013,4,67,286.5,109.5,646224.5
2013,5,67,262.5,101.1,596635.3
2013,6,68,253.2,100.4,592354.0
2013,7,68,240.8,151.1,890640.5
2013,8,68,218.3,127.9,754092.6
2013,9,68,178.7,111.9,659654.8
2013,10,68,155.4,100.7,593766.2
2013,11,68,140.0,96.1,566565.9
2013,12,68,151.2,95.8,564946.8
2013,13,68,135.6,76.5,451120.5
2013,14,68,138.9,76.0,448291.6
2013,15,68,129.7,78.2,461026.5
2013,16,68,129.9,59.3,349736.4
2013,17,68,118.8,57.9,341573.8
2013,18,68,99.5,51.3,302615.3
2013,19,68,89.4,46.0,271226.8
2013,20,67,101.9,50.2,296357.1
2013,21,68,106.7,48.3,284814.2
2013,22,68,97.6,45.4,268052.6
2013,23,68,86.0,47.1,277988.0
2013,24,68,84.3,41.3,243660.7
2013,25,68,73.9,39.1,230486.6
2013,26,68,76.7,38.2,225045.2
2013,27,68,67.1,35.7,210643.3
2013,28,67,67.3,33.8,199397.6
2013,29,67,67.8,34.5,203437.1
2013,30,68,66.2,36.1,213101.9
2013,31,68,77.6,35.0,206666.0
2013,32,68,72.2,28.6,168919.8
2013,33,68,73.9,31.8,187550.8
2013,34,68,67.9,31.2,183916.2
2013,35,68,72.5,32.5,191910.3
2013,36,68,77.3,31.1,183282.5
2013,37,68,82.9,33.9,200021.1
2013,38,68,92.0,35.8,211576.6
2013,39,68,79.4,31.8,187947.5
2013,40,68,76.8,33.6,198188.1
2013,41,68,75.1,34.5,203499.1
2013,42,68,66.0,31.7,187154.1
2013,43,68,64.7,31.0,182663.5
2013,44,68,67.7,29.3,173025.3
2013,45,68,56.6,27.2,160541.2
2013,46,68,54.7,28.3,167088.1
2013,47,68,56.8,29.2,172417.8
2013,48,68,51.7,27.5,162349.8
2013,49,68,45.3,24.8,146528.2
2013,50,68,47.3,24.4,144186.0
2013,51,68,49.2,23.3,137244.5
2013,52,68,46.7,22.2,130761.2
2013,53,68,48.7,23.7,139979.6
2013,54,68,51.9,26.6,156814.1
2013,55,68,49.3,37.6,221788.0
2013,56,68,47.7,39.0,230014.7
2013,57,68,46.7,37.1,218647.0
2013,58,68,39.8,37.3,219735.9
2013,59,68,36.7,36.6,215610.1
2013,60,68,34.9,33.2,195805.2
2013,61,66,38.4,36.8,216735.0
2013,62,66,36.5,36.9,217188.2
2013,63,66,34.0,33.4,196751.7
2013,64,66,35.5,29.1,171258.9
2013,65,66,36.3,27.4,161731.9
2013,66,65,35.0,30.0,177077.3
2013,67,65,34.4,29.0,170953.0
2013,68,65,40.5,31.6,186065.8
2013,69,65,40.3,28.4,167133.8
2013,70,64,39.2,33.5,197163.5
2013,71,64,54.3,41.0,241564.2
2013,72,65,41.9,33.2,195697.3
2013,73,65,33.8,38.9,229190.8
2013,74,65,29.3,38.1,224554.5
2013,75,65,27.6,30.8,181532.4
2013,76,65,42.1,25.9,152537.4
2013,77,65,36.3,25.4,149441.3
2013,78,65,34.0,30.8,181704.5
2013,79,65,35.2,27.2,160413.2
2013,80,65,30.7,18.8,110812.0
2013,81,65,28.4,18.1,106555.7
2013,82,65,30.7,24.2,142655.5
2013,83,65,30.1,18.4,108654.4
2013,84,65,26.5,18.7,110095.9
2013,85,65,24.4,15.4,90863.2
2013,86,65,27.6,12.7,74646.0
2013,87,65,33.4,15.9,94012.6
2013,88,65,31.2,14.4,84968.2
2013,89,65,29.2,13.0,76972.0
2013,90,65,27.4,11.3,66708.4
2013,91,65,29.6,11.1,65730.2
2013,92,65,27.9,13.9,82183.3
2013,93,65,29.8,13.3,78334.8
2013,94,65,32.3,27.7,163539.1
2013,95,65,26.0,16.0,94091.1
2013,96,65,20.4,13.0,76475.1
2013,97,65,17.3,9.2,54451.5
2013,98,65,19.8,8.4,49853.1
2013,99,65,24.0,16.5,97375.2
2013,100,65,24.5,22.3,131245.1
2013,101,65,26.0,13.2,77894.6
2013,102,65,26.1,24.8,146014.9
2013,103,65,30.7,22.0,129911.0
2013,104,65,23.3,21.1,124519.2
2013,105,65,19.6,17.6,103752.1
2013,106,65,15.8,19.1,112381.6
2013,107,65,17.9,18.2,107400.0
2013,108,65,20.3,20.7,121708.6
2013,109,65,16.4,17.0,100087.2
2013,110,65,23.2,17.0,100015.0
2013,111,65,20.7,16.3,95792.1
2013,112,65,21.1,17.7,104383.3
2013,113,65,16.3,18.0,106210.9
2013,114,65,14.4,14.9,87836.0
2013,115,65,15.5,14.0,82512.1
2013,116,64,17.7,10.9,64531.5
2013,117,64,14.3,9.8,57759.0
2013,118,64,17.4,17.3,102028.2
2013,119,64,19.1,18.5,109045.2
2013,120,64,20.8,18.7,110014.1
2014,0,190,31.0,8.1,47620.8
2014,1,118,222.6,57.8,341708.6
2014,2,161,380.6,122.0,720403.7
2014,3,171,554.2,289.9,1710128.5
2014,4,183,623.8,384.0,2263997.9
2014,5,184,597.3,385.7,2273950.0
2014,6,187,529.7,346.3,2041701.0
2014,7,189,439.8,309.4,1823719.6
2014,8,190,356.3,318.7,1878175.9
2014,9,189,320.2,424.5,2500838.0
2014,10,190,282.0,362.8,2137468.4
2014,11,190,253.0,355.6,2094922.1
2014,12,190,217.4,343.8,2025260.6
2014,13,189,203.0,295.0,1737582.5
2014,14,190,187.5,284.3,1674479.3
2014,15,190,183.8,275.4,1622170.1
2014,16,190,173.4,245.3,1445218.3
2014,17,190,165.9,231.1,1361099.0
2014,18,190,146.5,198.7,1170352.5
2014,19,190,133.9,199.2,1173516.0
2014,20,190,119.5,178.4,1051039.3
2014,21,190,109.7,163.1,960700.2
2014,22,190,103.5,151.8,893958.3
2014,23,190,105.6,152.0,895327.2
2014,24,190,95.9,144.6,851787.0
2014,25,190,89.7,138.3,814891.6
2014,26,190,91.4,139.7,822857.8
2014,27,190,96.9,132.5,780691.5
2014,28,190,94.6,122.5,721820.8
2014,29,190,89.7,125.3,738279.4
2014,30,190,87.0,112.6,663168.2
2014,31,190,83.3,116.0,683220.9
2014,32,190,83.6,103.5,609457.3
2014,33,189,88.8,98.4,580020.0
2014,34,189,80.6,93.3,549506.3
2014,35,189,81.6,97.5,574335.4
2014,36,189,86.4,104.1,613298.7
2014,37,189,79.1,93.4,550164.9
2014,38,189,79.3,88.6,522106.9
2014,39,189,77.2,80.2,472808.0
2014,40,189,75.7,64.9,382247.4
2014,41,189,76.4,65.6,386725.6
2014,42,189,72.9,75.7,445936.2
2014,43,189,67.4,77.2,454952.2
2014,44,189,64.1,70.7,416282.8
2014,45,189,65.9,67.4,397310.0
2014,46,189,64.6,72.0,424471.2
2014,47,189,63.3,61.3,361019.7
2014,48,189,61.9,65.7,387191.2
2014,49,189,59.6,81.1,477777.1
2014,50,189,58.3,70.1,412878.0
2014,51,189,58.9,73.3,431773.4
2014,52,189,59.1,67.5,397690.6
2014,53,188,54.5,61.5,362041.6
2014,54,189,53.0,76.0,447744.4
2014,55,186,56.8,71.1,418764.9
2014,56,187,55.6,68.8,405092.9
2014,57,187,56.0,77.0,453843.8
2014,58,187,57.6,64.9,382623.0
2014,59,186,59.4,65.1,383611.4
2014,60,185,57.6,68.6,404260.3
2014,61,185,62.7,60.2,354908.9
2014,62,186,58.0,56.7,334044.7
2014,63,186,56.2,55.4,326153.0
2014,64,186,52.6,50.7,298939.6
2014,65,186,51.3,61.7,363625.7
2014,66,186,51.2,56.7,334201.6
2014,67,186,51.3,52.5,309398.5
2014,68,185,51.6,64.5,380214.0
2014,69,185,50.6,68.1,401331.0
2014,70,185,48.0,64.5,379861.9
2014,71,185,48.3,66.6,392059.3
2014,72,185,47.4,66.4,391297.6
2014,73,185,43.4,63.3,373057.0
2014,74,185,47.5,67.6,398371.0
2014,75,185,48.5,65.0,383137.7
2014,76,185,47.9,59.8,352065.0
2014,77,186,42.0,55.2,325198.0
2014,78,186,42.2,51.5,303372.5
2014,79,186,39.8,44.7,263466.0
2014,80,186,39.6,48.1,283187.2
2014,81,186,38.2,40.7,239658.8
2014,82,186,40.5,41.4,243665.0
2014,83,186,40.6,39.7,233707.9
2014,84,186,37.6,40.4,238190.5
2014,85,186,39.6,41.1,242254.6
2014,86,187,42.7,42.0,247708.4
2014,87,187,42.7,40.1,236261.5
2014,88,187,37.5,37.0,218123.5
2014,89,187,36.6,37.4,220181.7
2014,90,187,36.2,36.2,213221.8
2014,91,187,37.8,39.0,229667.7
2014,92,187,38.4,38.7,227792.4
2014,93,187,40.8,37.4,220475.7
2014,94,187,39.9,37.7,222054.6
2014,95,187,38.8,37.4,220447.7
2014,96,187,38.6,37.6,221820.1
2014,97,187,37.6,37.4,220643.8
2014,98,187,37.1,34.8,204944.1
2014,99,187,35.9,37.0,217958.2
2014,100,187,38.5,36.2,213368.1
2014,101,187,35.2,34.7,204442.3
2014,102,187,34.3,28.4,167517.0
2014,103,187,32.6,26.8,157926.5
2014,104,187,34.7,26.3,154874.8
2014,105,187,35.3,35.6,210050.6
2014,106,187,37.6,39.1,230649.8
2014,107,187,44.0,35.1,206983.6
2014,108,187,37.2,30.6,180307.1
2014,109,187,35.4,32.5,191449.1
2014,110,187,36.0,30.5,180034.0
2014,111,187,35.7,34.0,200246.5
2014,112,187,34.7,30.6,180180.8
2014,113,187,32.8,25.0,147248.6
2014,114,187,30.0,23.8,140224.4
2014,115,187,26.8,23.7,139788.8
2014,116,187,31.0,31.0,182723.1
2014,117,187,31.5,32.4,191056.1
2014,118,187,30.7,31.1,183039.1
2014,119,187,29.4,31.1,183411.5
2014,120,187,27.1,30.2,177691.4
2015,0,175,203.6,112.2,661519.7
2015,1,169,844.4,394.5,2327448.7
2015,2,169,804.0,393.3,2319728.7
2015,3,172,627.8,342.8,2021456.7
2015,4,174,485.0,335.0,1974589.3
2015,5,175,423.7,305.1,1798244.5
2015,6,175,381.7,299.7,1766398.5
2015,7,175,349.2,306.1,1803932.6
2015,8,175,293.0,412.6,2430531.8
2015,9,175,249.7,322.3,1898712.2
2015,10,175,224.6,394.0,2320290.5
2015,11,175,210.9,330.6,1947112.7
2015,12,175,204.7,289.9,1707807.3
2015,13,175,200.3,261.6,1541234.7
2015,14,175,181.4,249.6,1470008.2
2015,15,175,178.2,229.0,1348850.1
2015,16,175,167.7,205.8,1212101.1
2015,17,175,163.5,206.0,1213526.9
2015,18,175,184.9,206.2,1215012.6
2015,19,175,201.2,187.2,1103397.6
2015,20,175,158.2,157.1,925554.7
2015,21,175,150.8,169.8,1000479.7
2015,22,175,146.3,152.9,900840.5
2015,23,175,140.0,142.6,840410.1
2015,24,175,124.5,121.3,714955.7
2015,25,175,135.9,98.6,581288.0
2015,26,175,133.2,94.3,556114.7
2015,27,175,127.1,90.4,532693.1
2015,28,175,119.7,83.6,492651.9
2015,29,175,120.1,75.1,442687.4
2015,30,175,114.9,65.7,387453.9
2015,31,175,111.6,63.7,375881.5
2015,32,175,109.1,66.0,389132.9
2015,33,175,99.0,72.2,425430.2
2015,34,175,90.5,65.2,384348.6
2015,35,175,98.6,55.2,325483.9
2015,36,175,98.5,55.8,329071.6
2015,37,175,94.3,57.0,335914.0
2015,38,175,99.2,103.9,612080.2
2015,39,175,103.2,136.5,804236.8
2015,40,175,96.9,118.3,696935.4
2015,41,175,102.6,113.3,667339.3
2015,42,172,90.6,105.1,619274.0
2015,43,175,100.3,93.8,552727.0
2015,44,175,93.2,93.6,551379.6
2015,45,173,86.8,90.1,530788.4
2015,46,175,81.7,82.5,486203.0
2015,47,175,88.3,79.2,466728.0
2015,48,175,85.3,90.3,532188.4
2015,49,175,82.8,98.9,582526.4
2015,50,175,74.9,95.6,563189.3
2015,51,175,72.1,87.5,515641.2
2015,52,175,73.2,81.4,479319.8
2015,53,175,72.5,78.4,462181.9
2015,54,175,76.8,77.8,458424.5
2015,55,175,69.7,76.6,451304.9
2015,56,175,68.8,80.0,471137.9
2015,57,175,60.8,77.9,459075.0
2015,58,175,63.2,74.3,437893.4
2015,59,175,66.6,65.7,387030.3
2015,60,175,64.3,66.4,391430.6
2015,61,175,60.4,68.3,402242.2
2015,62,175,59.9,61.7,363724.5
2015,63,175,59.2,64.7,381201.0
2015,64,175,61.6,60.1,354108.6
2015,65,175,57.4,58.4,343917.7
2015,66,175,56.7,61.8,364247.5
2015,67,175,58.1,62.2,366606.5
2015,68,175,61.5,64.1,377779.8
2015,69,175,59.2,58.5,344920.9
2015,70,175,53.8,55.8,328533.8
2015,71,175,50.7,53.1,312627.6
2015,72,175,47.0,56.2,331279.5
2015,73,175,47.0,54.5,321128.1
2015,74,175,47.1,52.4,308949.2
2015,75,175,45.7,51.8,304911.4
2015,76,175,42.9,49.7,292917.6
2015,77,175,40.5,51.2,301513.4
2015,78,175,48.5,50.1,295486.4
2015,79,175,43.8,50.9,299796.8
2015,80,175,47.0,51.3,301965.1
2015,81,175,44.2,48.6,286392.2
2015,82,175,49.4,49.9,294312.6
2015,83,175,47.8,45.6,268590.1
2015,84,175,54.7,45.8,269768.6
2015,85,175,52.9,46.3,273123.7
2015,86,175,47.1,44.6,262934.2
2015,87,175,43.8,43.5,256026.8
2015,88,175,43.8,42.6,250837.1
2015,89,175,41.7,41.2,242650.7
2015,90,175,44.8,41.2,242583.3
2015,91,175,54.7,43.4,255808.5
2015,92,175,55.0,41.7,245604.9
2015,93,175,43.7,40.0,235651.2
2015,94,175,50.6,42.4,249724.3
2015,95,175,50.0,36.3,214044.1
2015,96,175,49.2,34.5,203621.8
2015,97,175,39.8,33.3,196156.8
2015,98,175,45.6,35.0,206125.1
2015,99,175,46.4,31.6,186331.5
2015,100,175,44.4,36.5,214878.8
2015,101,175,46.4,32.6,192310.7
2015,102,175,41.9,40.2,236606.4
2015,103,175,35.8,36.0,211993.3
2015,104,175,39.9,29.7,174877.7
2015,105,175,43.8,30.3,178742.3
2015,106,175,44.2,39.4,232095.2
2015,107,175,41.6,32.9,194138.4
2015,108,172,38.8,34.8,205264.2
2015,109,175,33.8,32.2,189523.8
2015,110,175,37.5,31.4,185299.6
2015,111,173,36.8,33.5,197650.5
2015,112,175,38.0,31.7,186628.8
2015,113,175,39.0,33.0,194602.5
2015,114,175,40.7,32.2,189926.0
2015,115,175,46.7,32.1,189455.0
2015,116,175,39.4,31.4,185154.7
2015,117,175,42.1,30.4,179346.5
2015,118,175,41.5,31.5,185498.8
2015,119,175,40.3,30.8,181510.0
2015,120,175,42.0,30.9,182072.3
2016,0,111,208.8,124.6,734933.7
2016,1,111,1076.0,638.6,3765494.0
2016,2,111,1362.8,1085.8,6399627.5
2016,3,111,1305.7,1089.1,6418462.4
2016,4,111,1216.4,1056.6,6226538.1
2016,5,111,1106.8,1108.8,6533359.3
2016,6,111,1018.9,979.3,5770669.7
2016,7,111,911.8,897.2,5286599.6
2016,8,111,820.2,800.5,4716860.4
2016,9,111,803.9,707.5,4169597.7
2016,10,111,737.4,613.1,3613229.6
2016,11,111,731.6,559.9,3299887.0
2016,12,111,683.0,566.6,3339505.1
2016,13,111,655.0,519.4,3061362.8
2016,14,111,626.6,522.2,3077818.1
2016,15,111,595.5,521.0,3070222.4
2016,16,111,558.8,477.2,2812465.2
2016,17,111,529.6,382.5,2254918.3
2016,18,111,496.1,321.9,1897535.0
2016,19,111,482.1,274.0,1615648.0
2016,20,111,481.0,263.8,1555781.3
2016,21,111,455.8,223.1,1315943.2
2016,22,111,430.5,227.1,1339671.1
2016,23,111,394.8,221.6,1306961.3
2016,24,111,414.9,224.3,1323046.3
2016,25,111,418.2,195.9,1155732.7
2016,26,111,399.6,194.4,1146881.9
2016,27,111,400.2,232.6,1371780.7
2016,28,111,417.7,248.9,1467899.9
2016,29,110,428.9,262.9,1550145.3
2016,30,111,408.9,283.2,1669232.1
2016,31,111,375.5,273.9,1614694.6
2016,32,111,370.8,273.8,1614068.5
2016,33,111,334.5,278.9,1643882.7
2016,34,111,337.3,288.1,1698030.8
2016,35,111,332.5,285.2,1681055.3
2016,36,111,313.3,227.5,1340795.3
2016,37,111,304.9,198.8,1172215.0
2016,38,110,319.9,197.0,1161381.8
2016,39,111,291.6,219.4,1293458.1
2016,40,111,305.0,190.4,1122893.0
2016,41,111,306.9,159.6,941476.4
2016,42,111,243.5,143.0,843024.7
2016,43,111,252.5,129.6,764458.8
2016,44,111,244.4,139.0,819731.3
2016,45,111,226.0,141.0,831488.0
2016,46,111,229.6,128.4,757303.0
2016,47,111,253.6,129.6,764389.0
2016,48,111,256.8,140.0,825413.0
2016,49,111,244.3,131.9,778062.4
2016,50,111,238.4,117.8,694674.1
2016,51,111,255.5,89.5,528559.1
2016,52,111,264.7,67.9,401164.6
2016,53,111,251.6,78.8,465600.6
2016,54,111,230.1,75.6,446382.1
2016,55,111,222.9,79.2,467525.9
2016,56,111,198.3,74.5,439767.8
2016,57,111,177.6,64.6,381643.9
2016,58,111,204.1,68.8,406036.3
2016,59,111,230.7,71.0,419306.2
2016,60,111,236.0,66.4,392536.3
2016,61,111,216.4,51.1,302350.6
2016,62,111,192.9,68.0,401351.3
2016,63,111,188.4,74.0,436909.7
2016,64,111,172.5,69.5,410363.9
2016,65,111,166.5,69.5,410214.0
2016,66,111,158.4,80.9,477328.2
2016,67,111,154.1,74.2,437788.8
2016,68,111,156.7,90.2,532103.8
2016,69,111,160.0,95.5,563221.2
2016,70,111,163.1,97.3,573497.7
2016,71,111,156.1,102.5,604171.8
2016,72,111,150.2,94.8,559207.5
2016,73,111,138.4,83.0,489525.1
2016,74,111,139.9,79.4,468405.9
2016,75,111,166.1,83.5,492815.4
2016,76,111,174.2,93.9,553984.8
2016,77,111,207.0,112.6,663948.3
2016,78,111,212.2,95.5,563336.0
2016,79,111,213.5,88.8,523802.4
2016,80,111,185.7,88.2,520120.1
2016,81,111,199.6,89.6,528531.5
2016,82,111,176.8,92.3,544204.9
2016,83,111,171.5,70.7,417242.9
2016,84,111,170.7,85.0,501513.8
2016,85,111,164.0,73.0,430768.7
2016,86,111,155.7,65.7,387971.8
2016,87,111,160.0,74.3,438348.2
2016,88,111,147.6,76.6,451934.7
2016,89,111,166.0,75.2,443881.4
2016,90,111,160.4,56.2,331838.9
2016,91,111,166.5,85.1,501953.8
2016,92,111,158.7,93.9,553837.1
2016,93,111,157.6,71.0,418644.1
2016,94,111,149.9,58.5,345525.1
2016,95,110,153.6,63.2,372931.2
2016,96,111,163.6,61.5,363193.1
2016,97,111,169.6,67.8,400424.5
2016,98,111,169.3,43.3,256177.3
2016,99,111,163.6,54.1,319739.0
2016,100,111,160.8,65.8,388313.9
2016,101,111,139.2,54.7,322943.1
2016,102,111,135.6,59.1,348619.9
2016,103,111,145.7,54.5,321447.2
2016,104,110,155.8,51.2,302383.6
2016,105,111,149.3,59.4,350574.7
2016,106,111,147.9,76.9,453469.5
2016,107,111,130.1,69.4,409181.8
2016,108,111,128.4,79.8,470498.3
2016,109,111,117.1,55.9,329874.5
2016,110,111,120.2,44.6,263318.5
2016,111,111,124.8,50.1,295597.7
2016,112,111,127.9,48.4,285419.6
2016,113,103,139.4,41.5,245084.0
2016,114,93,161.9,47.4,279942.7
2016,115,90,148.7,47.0,277822.0
2016,116,78,132.4,42.6,251318.4
2016,117,68,112.3,32.3,190981.8
2016,118,63,115.5,35.9,212234.2
2016,119,52,109.2,35.4,209189.2
2016,120,43,107.6,31.9,188657.9
2017,0,100,252.3,83.4,492364.2
2017,1,99,990.0,877.6,5171714.0
2017,2,100,1281.3,1826.6,10759630.6
2017,3,100,1378.5,2254.1,13276244.3
2017,4,100,1294.4,2265.6,13343623.5
2017,5,100,1218.2,2456.6,14466974.2
2017,6,100,1080.6,2152.7,12677778.4
2017,7,100,992.2,2059.9,12130751.8
2017,8,100,890.7,2151.4,12669011.8
2017,9,100,829.9,1967.6,11586805.8
2017,10,100,786.1,2028.8,11946287.3
2017,11,100,716.9,1984.3,11684322.9
2017,12,100,754.8,1893.9,11152465.8
2017,13,99,661.3,1747.7,10290893.6
2017,14,100,662.5,1444.3,8505300.0
2017,15,100,612.2,1364.3,8034059.9
2017,16,100,560.5,1342.9,7907680.7
2017,17,100,555.6,1546.0,9102993.2
2017,18,97,462.9,1433.9,8442619.0
2017,19,100,486.7,1281.3,7544858.2
2017,20,100,446.8,1247.6,7346234.1
2017,21,100,456.5,1186.6,6987477.2
2017,22,99,436.0,1137.8,6699782.8
2017,23,99,372.5,1067.4,6284911.4
2017,24,100,367.3,892.4,5254839.4
2017,25,100,341.1,844.1,4970712.2
2017,26,100,352.2,840.8,4950981.1
2017,27,100,348.9,788.4,4642919.6
2017,28,100,319.4,515.9,3038586.3
2017,29,100,304.9,477.3,2811194.9
2017,30,100,346.0,469.1,2763232.1
2017,31,100,354.3,455.3,2682129.3
2017,32,100,344.3,455.6,2683912.7
2017,33,100,315.2,439.8,2590463.5
2017,34,100,296.2,408.4,2405550.4
2017,35,100,298.5,413.8,2437233.1
2017,36,100,294.0,408.0,2403547.9
2017,37,100,291.0,420.5,2476652.2
2017,38,100,279.4,397.2,2339567.5
2017,39,100,271.7,425.1,2504121.5
2017,40,100,255.3,449.6,2648000.6
2017,41,100,288.4,538.9,3173789.2
2017,42,100,280.4,608.9,3585873.5
2017,43,100,267.1,540.2,3181279.1
2017,44,100,268.4,754.4,4442346.9
2017,45,100,251.3,782.6,4608001.2
2017,46,100,221.7,746.7,4396640.0
2017,47,100,217.7,712.0,4192135.6
2017,48,100,249.6,707.9,4168144.4
2017,49,100,235.0,551.2,3245729.3
2017,50,100,219.6,634.8,3737557.6
2017,51,100,166.0,639.7,3766398.5
2017,52,100,207.6,628.5,3700574.0
2017,53,100,214.5,522.7,3077696.1
2017,54,100,194.3,513.7,3024782.2
2017,55,100,202.6,552.0,3250180.6
2017,56,100,191.3,562.9,3314686.8
2017,57,100,203.8,489.1,2880133.7
2017,58,100,187.9,540.4,3182025.6
2017,59,100,149.5,466.8,2748714.7
2017,60,100,141.2,402.6,2370691.2
2017,61,100,140.5,501.3,2951772.8
2017,62,100,167.3,434.3,2557578.0
2017,63,100,155.0,451.7,2659899.4
2017,64,100,146.6,439.4,2587335.3
2017,65,100,164.5,347.6,2047226.8
2017,66,99,162.4,352.1,2073711.1
2017,67,99,138.7,435.0,2561360.1
2017,68,99,134.9,326.7,1923687.8
2017,69,99,150.2,347.7,2047350.1
2017,70,99,152.8,365.8,2153800.5
2017,71,99,150.4,365.3,2151339.3
2017,72,99,164.7,421.9,2484370.2
2017,73,99,151.2,370.8,2183688.0
2017,74,99,172.0,387.3,2281008.8
2017,75,98,165.9,309.3,1821413.3
2017,76,99,178.6,330.1,1943999.9
2017,77,99,158.4,306.6,1805839.2
2017,78,99,173.1,338.2,1991675.6
2017,79,99,148.8,293.6,1728943.9
2017,80,99,149.3,287.0,1690268.6
2017,81,99,149.6,337.9,1990083.2
2017,82,99,158.6,357.0,2102542.6
2017,83,99,143.7,318.8,1877242.4
2017,84,96,141.0,330.8,1948008.2
2017,85,99,173.4,264.7,1559044.6
2017,86,99,166.2,278.4,1639780.4
2017,87,99,152.3,347.0,2043564.9
2017,88,98,151.0,350.1,2061721.9
2017,89,98,153.6,354.6,2088165.0
2017,90,99,136.8,328.8,1936204.1
2017,91,99,131.1,319.1,1879086.9
2017,92,99,113.0,372.7,2194315.4
2017,93,99,126.8,316.8,1865698.1
2017,94,99,139.9,292.3,1721643.8
2017,95,99,139.2,266.5,1569764.4
2017,96,99,138.8,296.3,1744638.0
2017,97,99,149.3,301.8,1777175.3
2017,98,99,135.0,225.6,1328542.8
2017,99,99,134.9,235.2,1385487.2
2017,100,99,143.6,244.5,1439760.4
2017,101,88,135.6,148.4,874511.1
2017,102,86,112.9,195.1,1149247.2
2017,103,80,132.6,157.5,928064.0
2017,104,61,131.0,144.9,853488.0
2017,105,55,121.5,138.7,817156.9
2017,106,48,107.5,146.3,861948.5
2017,107,40,96.7,285.9,1683601.7
2017,108,28,122.3,263.2,1550057.1
2017,109,20,119.2,118.2,696322.6
2017,110,7,35.0,276.8,1629348.4
2018,0,196,261.3,488.5,2877039.5
2018,1,182,1048.2,2596.9,15291843.9
2018,2,195,1382.5,3927.8,23127989.2
2018,3,196,1529.2,3989.8,23493664.7
2018,4,196,1505.8,4202.4,24744557.4
2018,5,196,1387.4,4036.2,23765660.6
2018,6,196,1220.1,3676.0,21644605.2
2018,7,196,1128.7,3386.4,19939680.1
2018,8,196,1038.9,3241.1,19083559.7
2018,9,196,923.7,3037.5,17884554.6
2018,10,196,844.7,2884.5,16983422.0
2018,11,195,816.3,2604.3,15333806.9
2018,12,196,752.8,2623.8,15448598.6
2018,13,192,647.9,2309.6,13598452.8
2018,14,196,618.0,2385.6,14045683.9
2018,15,196,576.0,2654.6,15628845.2
2018,16,196,550.7,2426.5,14285987.4
2018,17,196,525.7,2400.5,14132422.1
2018,18,196,496.5,2425.7,14281066.5
2018,19,196,467.8,2207.4,12995628.3
2018,20,196,503.4,2037.3,11994909.5
2018,21,196,477.6,2165.0,12745945.8
2018,22,196,482.4,1785.3,10511457.7
2018,23,196,486.4,1605.0,9449928.3
2018,24,196,503.1,1676.1,9868639.7
2018,25,196,517.5,1541.2,9074803.7
2018,26,196,456.4,1381.3,8133321.1
2018,27,196,434.9,1639.5,9652770.0
2018,28,196,428.4,1664.6,9800550.9
2018,29,196,422.3,1633.4,9617050.2
2018,30,196,400.6,1533.6,9029224.8
2018,31,196,395.3,1620.9,9543244.8
2018,32,196,405.7,1531.5,9016840.3
2018,33,196,395.6,1438.5,8469570.3
2018,34,196,368.0,1361.2,8014284.0
2018,35,196,310.4,1197.2,7048722.3
2018,36,196,333.6,1183.7,6969408.4
2018,37,196,328.2,1162.9,6846806.2
2018,38,196,308.7,1174.8,6916583.0
2018,39,196,310.3,1231.4,7249738.2
2018,40,196,300.2,1236.6,7280398.6
2018,41,196,301.5,1194.5,7032572.1
2018,42,196,313.3,1140.4,6714096.5
2018,43,196,299.9,1220.8,7187715.9
2018,44,196,321.9,1205.6,7098388.6
2018,45,196,315.0,1183.3,6966908.3
2018,46,196,300.0,1202.9,7081941.2
2018,47,196,289.3,1096.5,6455836.6
2018,48,196,252.4,1007.3,5930801.0
2018,49,196,251.8,890.5,5242858.9
2018,50,196,274.3,963.4,5672075.2
2018,51,196,272.0,907.0,5340234.8
2018,52,196,280.7,859.4,5060194.1
2018,53,196,280.2,847.7,4991575.4
2018,54,196,262.2,881.3,5189149.9
2018,55,196,249.4,868.3,5112570.8
2018,56,196,251.2,896.1,5275967.4
2018,57,196,253.0,875.9,5157030.4
2018,58,196,257.9,784.5,4619162.0
2018,59,196,275.4,820.1,4828772.9
2018,60,196,278.0,749.3,4411852.2
2018,61,194,267.3,755.0,4445584.2
2018,62,196,265.2,668.6,3937250.7
2018,63,196,249.0,658.3,3876054.2
2018,64,196,214.4,645.8,3802627.5
2018,65,196,201.5,649.3,3823091.7
2018,66,196,195.0,573.1,3374378.4
2018,67,196,203.0,638.7,3760956.7
2018,68,196,231.3,617.3,3634940.2
2018,69,196,225.8,614.6,3618951.2
2018,70,196,228.1,637.4,3753435.7
2018,71,196,201.4,591.0,3480089.1
2018,72,196,208.9,616.1,3627434.1
2018,73,196,206.4,532.0,3132728.9
2018,74,196,205.4,463.8,2731309.8
2018,75,196,221.4,534.7,3148649.3
2018,76,196,210.8,539.5,3176590.6
2018,77,195,208.9,617.3,3634481.9
2018,78,196,197.7,524.1,3085821.3
2018,79,192,188.8,555.8,3272631.6
2018,80,196,190.0,569.2,3351560.1
2018,81,196,185.6,586.2,3451440.5
2018,82,196,168.0,513.9,3025705.9
2018,83,196,170.9,510.9,3008479.6
2018,84,196,157.2,474.1,2791328.3
2018,85,196,154.9,472.9,2784452.6
2018,86,196,144.2,461.5,2717582.6
2018,87,196,150.7,479.3,2822073.5
2018,88,196,149.0,445.4,2622758.1
2018,89,183,140.3,480.5,2829132.4
2018,90,178,135.1,487.4,2869541.5
2018,91,140,166.4,406.3,2392764.6
2018,92,123,165.8,452.2,2662761.4
2018,93,107,185.5,438.2,2580319.9
2018,94,92,151.0,392.8,2312911.1
2018,95,71,155.2,358.5,2111271.0
2018,96,56,189.5,327.1,1926279.7
2018,97,43,183.6,375.3,2210331.3
2018,98,33,133.4,416.2,2450878.1
2018,99,22,48.5,502.4,2957723.3
2019,0,195,436.6,322.6,1901574.2
2019,1,192,1499.5,1464.8,8630997.6
2019,2,192,2290.5,2292.7,13509417.9
2019,3,192,2524.0,2572.5,15157669.5
2019,4,195,2265.2,2604.5,15344045.5
2019,5,195,2109.3,2631.8,15504142.9
2019,6,195,1944.2,2703.1,15922471.4
2019,7,195,1728.6,2582.4,15210782.8
2019,8,195,1667.9,2693.1,15862230.3
2019,9,195,1530.6,2652.9,15624731.1
2019,10,195,1292.7,2575.9,15170090.9
2019,11,195,1295.2,2438.3,14359968.9
2019,12,195,1303.2,2068.0,12180477.1
2019,13,195,1203.5,2074.6,12218860.5
2019,14,195,1208.4,2296.9,13527403.3
2019,15,195,1145.0,2126.3,12522754.4
2019,16,195,1131.5,2026.6,11935781.7
2019,17,195,1082.5,1971.5,11611317.3
2019,18,195,1036.1,1837.1,10819467.1
2019,19,195,973.4,1750.7,10310938.1
2019,20,195,980.4,1694.8,9981675.6
2019,21,195,907.2,1595.2,9394844.6
2019,22,195,844.7,1551.5,9137491.1
2019,23,195,851.8,1550.0,9128573.3
2019,24,195,838.6,1539.6,9067620.3
2019,25,195,786.0,1433.3,8441480.1
2019,26,195,725.0,1461.2,8605264.7
2019,27,195,666.5,1343.1,7909395.7
2019,28,195,609.6,1312.7,7730506.2
2019,29,195,607.4,1211.2,7133153.8
2019,30,195,604.0,1129.2,6650411.6
2019,31,195,631.2,1066.9,6283832.7
2019,32,195,654.0,910.7,5364688.2
2019,33,195,707.6,946.1,5573179.6
2019,34,195,660.0,865.6,5099160.3
2019,35,195,608.9,899.8,5300285.5
2019,36,195,611.3,1028.0,6054526.0
2019,37,195,571.4,888.2,5231419.3
2019,38,195,541.4,884.7,5211008.2
2019,39,195,504.3,824.2,4854360.0
2019,40,195,497.1,738.5,4350031.9
2019,41,194,479.3,734.3,4325310.3
2019,42,194,476.5,666.5,3926097.6
2019,43,194,469.2,673.3,3966258.9
2019,44,194,471.9,674.5,3972900.1
2019,45,194,471.1,505.3,2977159.4
2019,46,194,478.9,531.5,3131331.9
2019,47,194,492.0,548.3,3230252.8
2019,48,194,514.6,627.3,3695238.9
2019,49,194,486.9,598.8,3527820.2
2019,50,193,485.0,645.8,3804509.0
2019,51,194,432.9,562.5,3313361.9
2019,52,194,429.1,531.6,3131490.7
2019,53,194,430.2,469.5,2766057.4
2019,54,194,455.5,558.2,3288471.4
2019,55,194,435.8,545.4,3213188.2
2019,56,194,425.3,489.4,2883460.2
2019,57,191,418.7,585.3,3447769.8
2019,58,193,384.4,498.7,2937669.4
2019,59,194,358.4,422.8,2490932.9
2019,60,194,372.5,391.3,2305711.9
2019,61,194,350.4,472.2,2781730.0
2019,62,192,369.9,531.6,3131430.8
2019,63,190,373.7,542.2,3193854.8
2019,64,193,331.6,466.0,2745036.7
2019,65,189,332.6,463.7,2731246.1
2019,66,194,355.0,459.4,2706323.3
2019,67,194,331.0,415.4,2447157.4
2019,68,194,358.5,504.9,2974347.0
2019,69,194,343.0,418.7,2466727.4
2019,70,194,355.9,482.3,2840780.2
2019,71,194,348.3,440.6,2595827.1
2019,72,194,329.1,413.1,2433702.1
2019,73,194,335.2,419.0,2468365.0
2019,74,194,340.7,458.7,2702098.4
2019,75,194,343.4,427.7,2519769.8
2019,76,194,357.3,410.6,2419092.2
2019,77,176,365.5,403.7,2378483.4
2019,78,169,369.0,391.0,2303727.7
2019,79,152,307.0,421.8,2484397.1
2019,80,136,267.2,447.2,2633756.6
2019,81,118,261.6,422.6,2489360.4
2019,82,93,272.0,463.5,2730150.5
2019,83,73,229.0,399.9,2355186.6
2019,84,60,242.4,314.4,1852002.7
2019,85,33,157.7,342.1,2014545.9
2019,86,21,174.4,431.0,2537690.8
2019,87,15,116.5,413.2,2432798.7
2020,0,82,421.7,221.1,1304340.4
2020,1,82,2241.0,639.3,3776869.2
2020,2,82,3422.3,918.3,5426660.5
2020,3,82,3677.1,1096.8,6478785.0
2020,4,82,3657.9,1147.3,6776182.1
2020,5,82,3760.4,1132.5,6689515.4
2020,6,82,3406.6,1056.6,6240455.9
2020,7,82,2875.4,963.1,5686743.6
2020,8,82,2513.2,866.7,5117224.5
2020,9,82,2430.4,823.0,4859204.6
2020,10,82,2318.7,819.2,4836189.4
2020,11,82,2123.7,791.7,4673422.3
2020,12,82,2037.7,712.6,4206996.1
2020,13,82,1814.1,648.9,3830547.9
2020,14,82,1711.0,622.5,3674855.7
2020,15,82,1712.5,515.2,3043392.7
2020,16,82,1811.2,547.5,3233711.5
2020,17,82,1693.8,599.9,3541646.6
2020,18,82,1578.7,559.7,3304331.3
2020,19,82,1494.0,569.3,3360563.8
2020,20,82,1469.0,505.3,2983306.2
2020,21,82,1444.8,520.0,3069897.2
2020,22,82,1430.6,490.8,2897576.6
2020,23,82,1365.0,470.6,2778786.0
2020,24,82,1150.2,418.3,2469519.0
2020,25,82,1119.0,387.3,2286853.9
2020,26,82,1159.6,435.1,2568169.4
2020,27,82,1104.7,400.6,2364778.4
2020,28,82,1035.5,392.9,2318992.6
2020,29,82,1030.0,420.9,2483982.4
2020,30,82,1027.8,459.3,2710078.6
2020,31,82,1004.6,421.8,2489311.8
2020,32,82,936.8,342.7,2022855.6
2020,33,82,944.7,356.2,2102256.5
2020,34,82,889.1,351.7,2075975.5
2020,35,82,867.2,331.4,1956126.6
2020,36,82,892.3,327.2,1931688.7
2020,37,82,908.4,315.3,1861628.2
2020,38,82,911.7,320.0,1889078.8
2020,39,82,858.8,314.2,1854813.8
2020,40,82,836.8,315.7,1863423.8
2020,41,82,809.4,302.3,1784720.4
2020,42,82,822.1,257.3,1519421.7
2020,43,82,712.7,289.2,1706946.9
2020,44,82,671.0,262.9,1551614.3
2020,45,82,665.5,290.2,1712158.4
2020,46,82,679.1,226.4,1336674.7
2020,47,78,655.4,231.9,1369018.8
2020,48,82,659.4,245.7,1450486.8
2020,49,82,620.9,257.2,1517715.5
2020,50,78,611.9,233.9,1380323.2
2020,51,82,623.9,212.2,1252924.9
2020,52,82,657.9,250.6,1479288.1
2020,53,82,643.7,259.1,1529329.9
2020,54,82,600.2,267.7,1579537.9
2020,55,78,604.7,266.4,1571885.9
2020,56,82,612.1,261.5,1542909.3
2020,57,82,568.3,223.6,1319396.7
2020,58,82,591.3,214.6,1266604.8
2020,59,82,529.3,229.4,1353445.4
2020,60,82,519.6,211.1,1245835.1
2020,61,82,543.8,220.3,1300227.1
2020,62,82,521.8,219.5,1295055.5
2020,63,82,550.4,218.1,1287317.0
2020,64,82,524.0,172.6,1019450.9
2020,65,70,476.8,189.3,1117222.0
2020,66,56,487.1,212.3,1252476.1
2020,67,52,431.3,206.3,1216899.2
2020,68,43,424.5,183.6,1083404.0
2020,69,43,445.0,193.7,1142812.3
2020,70,39,464.6,208.8,1231874.6
2020,71,34,496.3,185.2,1093474.9
2020,72,33,476.9,117.3,693647.3
2020,73,33,438.5,221.4,1305735.2
2020,74,28,473.2,175.1,1033863.4
2020,75,14,419.4,82.5,487947.3
2021,0,275,397.4,562.3,3311951.4
2021,1,271,1540.5,2432.6,14328166.3
2021,2,271,2653.9,3258.9,19198681.4
2021,3,275,2899.6,3456.8,20365255.4
2021,4,269,2897.1,3630.5,21387287.2
2021,5,275,2540.1,3453.4,20342839.7
2021,6,275,2402.4,3295.6,19412861.0
2021,7,275,2375.8,2962.0,17449125.9
2021,8,275,2151.1,2687.7,15833622.1
2021,9,275,1939.7,2550.0,15021744.8
2021,10,275,1779.1,2491.3,14675257.8
2021,11,275,1604.3,2322.1,13677713.6
2021,12,275,1575.0,2309.7,13604874.6
2021,13,275,1462.4,2043.7,12038154.4
2021,14,275,1470.2,1963.1,11563878.7
2021,15,275,1347.8,1872.6,11030328.3
2021,16,275,1307.4,1726.5,10170544.8
2021,17,275,1219.1,1599.4,9421769.9
2021,18,275,1202.6,1534.2,9037934.9
2021,19,275,1183.3,1453.6,8563435.3
2021,20,275,1164.2,1468.1,8648507.6
2021,21,275,1070.0,1476.9,8699871.9
2021,22,275,1050.0,1336.7,7874247.4
2021,23,275,1030.5,1208.1,7117430.3
2021,24,275,1002.5,1266.8,7462876.8
2021,25,275,910.2,1180.4,6953363.0
2021,26,275,865.7,1243.5,7324465.9
2021,27,275,842.4,1190.1,7010224.5
2021,28,275,731.8,1063.4,6264051.1
2021,29,275,733.1,1008.3,5939638.8
2021,30,275,726.3,1037.8,6113253.1
2021,31,275,721.4,1027.2,6050762.5
2021,32,275,736.5,931.9,5490003.3
2021,33,275,702.0,1005.1,5920664.2
2021,34,275,660.2,847.6,4993380.5
2021,35,275,666.2,975.8,5747484.5
2021,36,271,675.9,911.5,5369508.3
2021,37,275,651.4,844.5,4974620.7
2021,38,275,623.7,876.1,5160445.3
2021,39,269,563.0,930.8,5482167.7
2021,40,271,567.9,847.9,4994385.0
2021,41,271,527.3,751.8,4428234.4
2021,42,262,503.7,770.1,4535907.5
2021,43,275,493.5,719.6,4238728.5
2021,44,275,493.9,820.2,4830810.9
2021,45,275,498.6,838.9,4940651.0
2021,46,275,471.8,721.7,4250720.9
2021,47,275,463.0,691.2,4071123.1
2021,48,275,444.5,725.0,4270259.4
2021,49,275,430.3,696.5,4102096.8
2021,50,275,446.4,652.6,3843943.7
2021,51,275,445.6,719.8,4239551.2
2021,52,275,445.8,708.1,4170793.7
2021,53,254,426.3,655.3,3859486.7
2021,54,216,445.7,639.3,3765898.3
2021,55,202,483.3,730.6,4303150.2
2021,56,175,514.3,710.8,4186973.6
2021,57,145,553.2,754.5,4444676.8
2021,58,130,560.8,848.8,4999425.9
2021,59,107,526.8,719.8,4239857.0
2021,60,79,565.0,650.2,3830484.1
2021,61,73,511.1,510.1,3005547.8
2021,62,19,447.1,389.2,2293392.5
2021,63,12,466.2,534.8,3150974.2
2022,0,305,443.5,601.9,3545711.3
2022,1,304,1802.5,2155.2,12696723.2
2022,2,305,2702.7,3239.4,19084231.1
2022,3,305,3254.0,3520.0,20739458.8
2022,4,305,3216.4,3100.1,18267508.2
2022,5,305,3017.8,2945.5,17356181.2
2022,6,305,2686.4,2859.9,16850555.9
2022,7,305,2461.4,2602.6,15334579.4
2022,8,305,2241.1,2405.5,14172681.9
2022,9,305,2081.4,2417.6,14243220.4
2022,10,305,1970.9,2398.9,14132332.7
2022,11,305,1814.1,2385.7,14053605.4
2022,12,305,1810.9,2133.0,12566233.0
2022,13,305,1649.4,2120.1,12489006.4
2022,14,305,1572.4,1986.2,11700830.8
2022,15,305,1535.7,1760.8,10373662.1
2022,16,305,1386.7,1732.4,10205408.2
2022,17,305,1396.9,1619.3,9540268.3
2022,18,305,1282.5,1619.1,9538082.0
2022,19,305,1278.7,1543.4,9092732.3
2022,20,305,1186.6,1577.1,9290217.3
2022,21,305,1115.2,1428.5,8414994.4
2022,22,305,1089.4,1458.6,8591976.0
2022,23,305,1026.5,1446.0,8517321.7
2022,24,305,961.2,1323.3,7795247.8
2022,25,305,927.6,1438.0,8469813.4
2022,26,305,903.0,1393.1,8205372.6
2022,27,298,907.0,1313.5,7737180.0
2022,28,305,929.4,1257.8,7409009.7
2022,29,305,913.6,1124.8,6626132.2
2022,30,305,861.0,1177.7,6937173.2
2022,31,293,842.7,1322.9,7792057.6
2022,32,305,878.7,1104.9,6508824.7
2022,33,305,857.2,1060.4,6247019.1
2022,34,305,869.6,1050.2,6186726.6
2022,35,305,866.3,966.9,5696508.7
2022,36,305,844.9,1035.8,6102295.9
2022,37,305,848.4,1039.3,6122446.1
2022,38,305,780.3,943.2,5556376.7
2022,39,305,823.8,970.0,5714747.6
2022,40,305,852.5,988.0,5820471.7
2022,41,265,859.9,945.3,5569373.0
2022,42,242,889.5,910.0,5362074.5
2022,43,223,790.2,857.5,5052065.8
2022,44,193,609.0,912.0,5371942.5
2022,45,175,543.2,827.0,4871171.2
2022,46,150,486.5,762.9,4493200.2
2022,47,126,528.2,702.5,4138287.9
2022,48,84,412.9,754.8,4445508.4
2022,49,62,487.7,709.1,4176657.9
2022,50,40,603.4,669.1,3941963.8
2022,51,22,573.5,822.2,4843205.6
2023,0,345,539.1,467.4,2754330.3
2023,1,338,2048.2,1963.9,11572482.1
2023,2,338,3068.3,2550.9,15034081.7
2023,3,334,3328.7,2861.9,16866213.5
2023,4,335,3135.8,2763.9,16288137.9
2023,5,340,2675.2,2655.8,15649012.1
2023,6,338,2254.6,2567.0,15123519.1
2023,7,343,1987.1,2453.3,14452708.2
2023,8,345,1827.6,2370.0,13961532.7
2023,9,333,1703.0,2334.0,13748605.2
2023,10,345,1554.9,2065.5,12167101.0
2023,11,341,1395.3,1990.4,11724293.8
2023,12,345,1476.2,2253.3,13272137.8
2023,13,345,1567.5,2311.2,13613540.4
2023,14,345,1446.6,2402.0,14147246.0
2023,15,340,1312.6,2391.4,14083837.1
2023,16,341,1270.4,2212.0,13027788.2
2023,17,345,1267.2,2169.1,12775382.2
2023,18,345,1225.5,2164.7,12749218.9
2023,19,342,1189.3,2138.7,12596009.7
2023,20,341,1141.3,1935.9,11402064.2
2023,21,345,1051.9,1819.6,10717055.3
2023,22,345,982.6,1629.4,9597008.3
2023,23,345,967.6,1637.9,9646948.8
2023,24,345,972.9,1653.7,9739820.0
2023,25,345,956.5,1626.4,9578973.0
2023,26,345,879.6,1536.2,9047866.5
2023,27,345,831.6,1467.7,8644165.2
2023,28,345,853.4,1499.5,8831587.9
2023,29,302,899.6,1472.8,8674631.5
2023,30,257,796.0,1398.9,8238831.3
2023,31,233,716.7,1202.9,7084819.4
2023,32,203,642.0,1211.2,7133370.9
2023,33,170,627.4,1408.3,8293249.8
2023,34,149,619.6,1681.2,9899654.1
2023,35,108,589.6,1631.8,9608623.2
2023,36,82,589.6,1909.0,11240353.6
2023,37,62,584.5,1443.0,8497086.4
2023,38,44,589.8,1226.0,7219768.0
2023,39,18,857.2,101.3,601668.8
2024,0,629,313.1,259.8,1530914.6
2024,1,624,1347.6,848.2,5000906.8
2024,2,624,2373.0,1240.3,7315511.7
2024,3,626,2528.3,1346.1,7939246.3
2024,4,629,2307.2,1327.2,7826675.2
2024,5,625,1969.0,1199.0,7069863.5
2024,6,625,1723.7,1132.1,6674219.2
2024,7,624,1500.4,974.9,5747975.9
2024,8,624,1408.2,962.3,5673096.3
2024,9,629,1279.3,1042.4,6143720.4
2024,10,629,1231.7,1006.1,5929401.8
2024,11,629,1181.5,984.1,5800106.2
2024,12,629,1149.1,977.6,5761486.2
2024,13,629,1089.1,1012.3,5965217.1
2024,14,629,1084.9,948.2,5588002.0
2024,15,629,965.2,893.8,5266918.9
2024,16,629,924.4,759.3,4474898.7
2024,17,614,867.9,675.2,3979679.9
2024,18,581,829.6,697.3,4109395.1
2024,19,556,766.7,677.0,3989498.7
2024,20,523,713.0,562.1,3313292.8
2024,21,471,595.7,436.9,2575602.2
2024,22,433,518.4,519.8,3063016.1
2024,23,407,460.6,537.8,3168455.6
2024,24,371,406.8,377.2,2223018.6
2024,25,342,340.9,412.5,2430249.8
2024,26,303,202.9,389.7,2294951.1
2024,27,266,133.5,255.0,1501882.6
2025,0,486,519.7,186.0,1098296.5
2025,1,486,2523.6,1067.4,6298618.1
2025,2,485,4374.8,1648.1,9728137.1
2025,3,485,4431.9,1623.3,9582561.3
2025,4,486,3918.6,1623.1,9578230.3
2025,5,450,3503.4,1623.9,9580181.7
2025,6,423,2958.7,1746.4,10297815.1
2025,7,380,2620.4,1886.6,11121131.9
2025,8,347,2321.8,1772.1,10445421.6
2025,9,294,2093.2,1929.7,11371169.0
2025,10,256,1947.5,1756.5,10351029.3
2025,11,213,1774.8,1333.0,7857443.3
2025,12,158,1482.4,1303.6,7682602.5
2025,13,114,1416.4,1056.9,6229542.4
2025,14,82,1417.9,834.2,4918802.4
2025,15,39,1617.0,426.2,2518900.8
2026,0,168,559.3,509.5,3002518.2
2026,1,116,2315.6,2922.6,17217148.7
2026,2,78,4186.4,3396.6,20018895.0
2026,3,36,4541.9,3778.0,22265872.4
