cohorte,mes_vida,pozos_en_muestra,petroleo_prom_m3,gas_prom_mm3,boe_prom,mes_pico
2006,0,101,2.1,0.2,14.4,2
2006,1,101,2.7,0.2,18.2,2
2006,2,101,3.1,0.2,20.7,2
2006,3,101,2.7,0.2,18.2,2
2006,4,101,2.9,0.2,19.4,2
2006,5,101,3.0,0.2,20.0,2
2006,6,101,1.9,0.2,13.1,2
2006,7,101,2.7,0.2,18.2,2
2006,8,101,3.2,0.2,21.3,2
2006,9,101,3.3,0.2,21.9,2
2006,10,101,2.5,0.2,16.9,2
2006,11,101,3.2,0.2,21.3,2
2006,12,101,2.8,0.2,18.8,2
2006,13,101,2.5,0.2,16.9,2
2006,14,101,2.3,0.2,15.6,2
2006,15,101,2.9,0.2,19.4,2
2006,16,101,2.3,0.1,15.1,2
2006,17,101,2.5,0.1,16.3,2
2006,18,101,2.4,0.2,16.3,2
2006,19,101,2.6,0.2,17.5,2
2006,20,101,2.6,0.2,17.5,2
2006,21,101,3.0,0.2,20.0,2
2006,22,101,3.0,0.2,20.0,2
2006,23,101,3.0,0.2,20.0,2
2006,24,101,3.2,0.2,21.3,2
2006,25,101,2.6,0.2,17.5,2
2006,26,101,2.8,0.2,18.8,2
2006,27,101,1.9,0.0,12.0,2
2006,28,101,0.8,0.0,5.0,2
2006,29,101,4.6,0.3,30.7,2
2006,30,101,5.1,0.4,34.4,2
2006,31,101,5.7,0.7,40.0,2
2006,32,9,54.0,3.7,361.4,2
2006,33,9,103.2,8.2,697.4,2
2006,34,9,108.0,9.3,734.0,2
2006,35,9,93.1,9.5,641.5,2
2006,36,9,97.4,10.8,676.2,2
2006,37,9,89.2,10.1,620.5,2
2006,38,9,79.1,8.6,548.1,2
2006,39,9,72.4,10.4,516.6,2
2006,40,9,72.3,10.9,518.9,2
2006,41,9,67.4,10.6,486.3,2
2006,42,9,58.3,11.1,432.0,2
2006,43,9,68.0,14.4,512.5,2
2006,44,9,63.8,11.7,470.2,2
2006,45,9,76.5,12.6,555.3,2
2006,46,9,63.8,11.4,468.4,2
2006,47,9,64.1,7.2,445.6,2
2006,48,9,69.4,8.3,485.4,2
2006,49,9,62.0,8.7,441.2,2
2006,50,9,67.6,8.3,474.0,2
2006,51,9,65.8,7.2,456.2,2
2006,52,9,59.5,7.3,417.2,2
2006,53,9,59.5,9.1,427.8,2
2006,54,10,72.8,34.7,662.1,2
2006,55,10,133.4,47.0,1115.7,2
2006,56,10,128.2,47.8,1087.7,2
2006,57,10,114.3,44.5,980.9,2
2006,58,11,132.4,43.5,1088.8,2
2006,59,11,139.0,27.2,1034.4,2
2006,60,11,127.3,33.9,1000.2,2
2006,61,13,123.5,20.7,898.6,2
2006,62,13,168.4,27.9,1223.4,2
2006,63,14,170.7,29.5,1247.3,2
2006,64,15,183.2,44.0,1411.3,2
2006,65,16,129.0,44.0,1070.4,2
2006,66,18,137.5,40.6,1103.8,2
2006,67,20,300.4,139.8,2712.3,2
2006,68,20,451.1,242.4,4264.1,2
2006,69,21,384.5,223.8,3735.7,2
2006,70,23,372.8,153.6,3248.9,2
2006,71,27,342.9,134.8,2950.2,2
2006,72,30,328.2,144.6,2915.4,2
2006,73,30,339.9,163.1,3097.9,2
2006,74,35,322.3,144.4,2877.1,2
2006,75,37,301.4,130.1,2661.5,2
2006,76,38,303.2,120.5,2616.3,2
2006,77,40,305.2,123.0,2643.6,2
2006,78,43,268.0,116.3,2370.2,2
2006,79,43,301.5,119.2,2598.0,2
2006,80,45,289.5,124.4,2553.1,2
2006,81,45,277.7,127.6,2497.7,2
2006,82,46,213.0,85.4,1842.4,2
2006,83,48,228.1,100.0,2023.3,2
2006,84,52,246.6,126.5,2295.6,2
2006,85,55,238.8,126.6,2247.2,2
2006,86,61,261.8,145.3,2501.9,2
2006,87,65,287.5,162.2,2763.0,2
2006,88,70,286.2,145.1,2654.2,2
2006,89,83,277.5,126.2,2488.2,2
2006,90,88,339.4,142.5,2973.5,2
2006,91,93,324.2,146.7,2902.6,2
2006,92,101,306.5,145.2,2782.5,2
2006,93,101,337.2,152.6,3019.1,2
2006,94,101,304.1,150.9,2800.9,2
2006,95,101,287.9,142.0,2646.6,2
2006,96,101,255.8,129.4,2370.6,2
2006,97,101,211.7,104.8,1948.4,2
2006,98,101,218.4,116.1,2057.1,2
2006,99,101,205.5,119.1,1993.6,2
2006,100,101,199.0,106.6,1879.1,2
2006,101,101,175.7,90.5,1637.8,2
2006,102,101,153.6,85.2,1467.6,2
2006,103,101,144.1,85.9,1412.0,2
2006,104,101,156.6,94.4,1540.6,2
2006,105,101,155.0,93.3,1524.1,2
2006,106,101,140.9,90.4,1418.3,2
2006,107,101,137.5,76.9,1317.5,2
2006,108,101,133.4,73.2,1269.9,2
2006,109,101,114.4,71.7,1141.6,2
2006,110,101,120.2,79.3,1222.8,2
2006,111,101,122.6,78.1,1230.8,2
2006,112,101,114.4,67.2,1115.1,2
2006,113,100,110.6,71.5,1116.5,2
2006,114,101,111.6,67.6,1099.8,2
2006,115,101,112.5,65.5,1093.1,2
2006,116,101,100.7,61.8,997.1,2
2006,117,101,87.6,57.0,886.5,2
2006,118,101,77.3,45.6,754.6,2
2006,119,101,79.2,46.5,771.9,2
2006,120,101,77.0,45.8,753.9,2
2010,0,7,0.0,0.0,0.0,0
2010,1,7,0.0,0.0,0.0,0
2010,2,7,0.0,0.0,0.0,0
2010,3,7,0.0,0.0,0.0,0
2010,4,7,0.0,0.0,0.0,0
2010,5,7,0.0,0.0,0.0,0
2010,6,7,0.0,0.0,0.0,0
2010,80,5,29.6,8.9,238.6,0
2010,81,5,2.0,0.0,12.6,0
2010,82,5,315.7,38.4,2211.7,0
2010,83,5,436.4,57.5,3083.3,0
2010,84,7,174.9,24.7,1245.5,0
2010,85,7,172.5,21.4,1211.0,0
2010,86,7,505.7,65.4,3565.7,0
2010,87,7,531.1,75.8,3786.7,0
2010,88,7,431.3,65.1,3096.0,0
2010,89,7,328.0,51.0,2363.2,0
2010,90,7,298.3,46.9,2152.3,0
2010,91,7,265.5,41.8,1916.0,0
2010,92,7,222.6,36.1,1612.6,0
2010,93,7,228.2,36.1,1647.8,0
2010,94,7,187.5,29.8,1354.7,0
2010,95,7,201.3,31.6,1452.1,0
2010,96,7,187.9,29.4,1354.9,0
2010,97,7,158.6,25.1,1145.3,0
2010,98,7,173.8,27.2,1253.3,0
2010,99,7,121.7,20.4,885.5,0
2010,100,7,110.6,16.4,792.2,0
2010,101,7,124.4,20.4,902.5,0
2010,102,7,39.9,6.5,289.2,0
2010,103,7,0.0,0.0,0.0,0
2010,104,7,0.0,0.0,0.0,0
2010,105,7,0.0,0.0,0.0,0
2010,106,7,0.0,0.0,0.0,0
2010,107,7,0.0,0.0,0.0,0
2010,108,7,0.0,0.0,0.0,0
2010,109,7,0.0,0.0,0.0,0
2010,110,7,0.0,0.0,0.0,0
2010,111,7,0.0,0.0,0.0,0
2010,112,7,0.0,0.0,0.0,0
2010,113,7,0.0,0.0,0.0,0
2010,114,7,30.1,4.3,214.6,0
2010,115,7,39.3,3.3,266.6,0
2010,116,7,30.1,2.7,205.2,0
2010,117,7,15.8,1.3,107.0,0
2010,118,7,1.2,0.1,8.1,0
2010,119,7,0.0,0.0,0.0,0
2010,120,7,0.0,0.0,0.0,0
2011,0,6,88.3,14.2,639.0,3
2011,1,6,131.7,9.1,881.9,3
2011,2,6,146.5,34.0,1121.6,3
2011,3,6,179.3,42.8,1379.7,3
2011,4,6,93.0,31.6,770.9,3
2011,5,6,56.4,21.7,482.5,3
2011,6,6,48.8,20.9,430.0,3
2011,7,6,41.0,18.4,366.2,3
2011,8,6,39.9,15.2,340.4,3
2011,9,6,75.7,16.9,575.6,3
2011,10,6,91.9,13.4,656.9,3
2011,11,6,58.7,13.8,450.4,3
2011,13,6,27.7,0.0,174.2,3
2011,15,6,118.5,8.0,792.4,3
2011,16,6,32.8,0.9,211.6,3
2011,18,6,71.3,26.1,602.1,3
2011,20,6,35.4,6.0,258.0,3
2011,22,6,125.6,5.9,824.7,3
2011,23,6,72.9,6.5,496.8,3
2011,24,6,87.9,6.3,590.0,3
2011,25,6,158.5,143.0,1838.6,3
2011,26,6,213.4,250.4,2816.1,3
2011,27,6,118.8,266.0,2312.9,3
2011,28,6,109.4,12.6,762.3,3
2011,29,6,120.6,8.0,805.6,3
2011,30,6,41.0,2.8,274.4,3
2011,31,6,32.5,1.6,213.8,3
2011,32,6,56.9,20.2,476.8,3
2011,33,6,43.7,20.5,395.5,3
2011,34,6,52.1,12.3,400.1,3
2011,35,6,42.0,15.9,357.8,3
2011,36,6,41.6,15.0,349.9,3
2011,37,6,49.7,16.5,409.7,3
2011,38,6,39.4,5.4,279.6,3
2011,39,6,294.6,68.2,2254.4,3
2011,40,6,707.9,181.0,5517.9,3
2011,41,6,550.8,143.7,4310.2,3
2011,42,6,46.5,1.6,301.9,3
2011,43,6,440.7,108.0,3407.6,3
2011,44,6,411.6,107.6,3222.2,3
2011,45,6,367.1,87.0,2821.1,3
2011,46,6,288.7,74.1,2252.0,3
2011,47,6,256.8,68.2,2016.6,3
2011,48,6,251.2,62.9,1950.2,3
2011,49,6,201.7,53.0,1580.6,3
2011,50,6,221.7,61.7,1757.6,3
2011,51,6,206.2,53.9,1614.2,3
2011,52,6,190.9,53.3,1514.4,3
2011,53,6,132.4,38.5,1059.4,3
2011,54,6,173.0,52.5,1397.2,3
2011,55,6,140.5,43.7,1140.9,3
2011,56,6,127.0,38.9,1027.8,3
2011,57,6,117.9,36.3,955.2,3
2011,58,6,74.5,24.4,612.2,3
2011,59,6,0.4,0.0,2.5,3
2011,60,6,0.0,0.0,0.0,3
2011,61,6,0.0,0.0,0.0,3
2011,62,6,0.2,0.0,1.3,3
2011,63,6,0.7,0.1,5.0,3
2011,64,6,0.2,0.0,1.3,3
2011,65,6,0.3,0.1,2.5,3
2011,66,6,0.5,0.0,3.1,3
2011,67,6,0.5,0.0,3.1,3
2011,68,6,5.0,0.0,31.4,3
2011,69,6,0.0,0.0,0.0,3
2011,70,6,0.0,0.0,0.0,3
2011,71,6,0.0,0.0,0.0,3
2011,72,6,0.0,0.0,0.0,3
2011,73,6,0.0,0.0,0.0,3
2011,74,6,0.0,0.0,0.0,3
2011,75,6,0.0,0.0,0.0,3
2011,76,6,0.0,0.0,0.0,3
2011,77,6,0.0,0.0,0.0,3
2011,78,6,206.3,37.6,1518.9,3
2011,79,6,140.2,42.4,1131.4,3
2011,80,6,0.0,0.0,0.0,3
2011,81,6,0.0,0.4,2.4,3
2011,82,6,180.9,33.1,1332.7,3
2011,83,6,61.5,11.9,456.9,3
2011,84,6,93.3,32.0,775.2,3
2011,85,6,104.9,39.7,893.5,3
2011,86,6,122.1,54.2,1087.0,3
2011,87,6,109.7,41.4,933.7,3
2011,88,6,94.1,39.3,823.2,3
2011,89,6,81.2,28.5,678.5,3
2011,90,6,146.8,29.9,1099.3,3
2011,91,6,121.9,40.0,1002.2,3
2011,92,6,78.4,34.8,698.0,3
2011,93,5,74.2,21.2,591.5,3
2011,94,6,88.9,18.5,668.1,3
2011,95,6,67.7,15.8,518.8,3
2011,96,6,147.5,63.3,1300.3,3
2011,97,6,111.2,75.2,1142.1,3
2011,98,6,98.7,76.8,1072.8,3
2011,99,6,89.7,81.2,1042.1,3
2011,100,6,107.8,96.3,1244.9,3
2011,101,6,70.6,79.8,913.8,3
2011,102,6,21.6,2.0,147.6,3
2011,103,6,15.2,1.0,101.5,3
2011,104,6,52.2,70.8,745.1,3
2011,105,6,25.1,27.3,318.6,3
2011,106,6,53.4,49.0,624.3,3
2011,107,6,75.9,88.5,998.3,3
2011,108,6,60.6,88.0,899.1,3
2011,109,6,9.0,1.8,67.2,3
2011,110,6,11.5,0.7,76.5,3
2011,111,6,27.5,3.8,195.3,3
2011,112,6,89.5,38.6,790.1,3
2011,113,6,89.5,63.9,939.1,3
2011,114,6,51.0,57.0,656.3,3
2011,115,6,77.7,87.2,1002.0,3
2011,116,6,19.0,20.1,237.8,3
2011,117,6,68.9,28.5,601.1,3
2011,118,6,85.2,79.0,1000.9,3
2011,119,6,126.4,92.6,1340.1,3
2011,120,6,117.6,90.1,1270.0,3
2012,0,22,87.2,23.2,685.0,1
2012,1,22,148.4,243.7,2367.8,1
2012,2,22,144.9,129.3,1672.5,1
2012,3,22,121.0,102.2,1362.6,1
2012,4,21,129.3,71.3,1232.9,1
2012,5,22,112.8,66.7,1102.1,1
2012,6,21,117.5,68.0,1139.3,1
2012,7,22,162.6,70.6,1438.3,1
2012,8,22,169.2,72.0,1488.0,1
2012,9,22,129.0,91.4,1349.4,1
2012,10,22,93.7,91.6,1128.5,1
2012,11,22,90.5,81.3,1047.8,1
2012,12,22,98.1,49.9,910.7,1
2012,13,22,91.4,35.6,784.4,1
2012,14,22,89.8,29.5,738.5,1
2012,15,22,79.3,51.9,804.3,1
2012,16,22,83.2,44.1,782.9,1
2012,17,22,67.0,41.8,667.5,1
2012,18,22,71.6,37.6,671.7,1
2012,19,22,59.3,38.6,600.2,1
2012,20,22,54.5,41.3,585.9,1
2012,21,22,41.2,34.2,460.4,1
2012,22,22,65.7,27.9,577.5,1
2012,23,22,45.5,34.4,488.7,1
2012,24,22,43.4,31.2,456.6,1
2012,25,22,66.2,34.2,617.7,1
2012,26,22,62.8,37.7,616.9,1
2012,27,22,52.2,32.2,517.9,1
2012,28,22,46.3,29.5,464.9,1
2012,29,22,50.3,31.1,499.4,1
2012,30,22,42.7,23.2,405.1,1
2012,31,22,50.9,12.7,394.9,1
2012,32,22,44.9,35.3,490.2,1
2012,33,21,33.0,51.4,510.1,1
2012,34,22,36.1,52.8,537.8,1
2012,35,22,27.3,27.9,335.9,1
2012,36,22,40.6,27.5,417.2,1
2012,37,22,31.2,26.3,351.0,1
2012,38,22,33.5,31.0,393.2,1
2012,39,22,30.3,31.9,378.3,1
2012,40,22,30.3,30.1,367.7,1
2012,41,22,34.7,24.0,359.5,1
2012,42,22,34.2,22.8,349.3,1
2012,43,22,31.0,22.4,326.8,1
2012,44,22,30.9,23.1,330.3,1
2012,45,22,25.7,21.8,290.0,1
2012,46,22,27.4,33.6,370.1,1
2012,47,22,59.8,19.1,488.6,1
2012,48,22,50.3,20.2,435.3,1
2012,49,22,38.3,13.3,319.2,1
2012,50,22,19.8,11.3,191.0,1
2012,51,22,20.2,10.3,187.7,1
2012,52,22,24.0,10.6,213.3,1
2012,53,22,33.8,9.1,266.2,1
2012,54,22,33.9,15.8,306.2,1
2012,55,22,44.6,15.2,370.0,1
2012,56,22,39.4,13.8,329.0,1
2012,57,22,33.5,9.5,266.6,1
2012,58,22,23.3,5.2,177.2,1
2012,59,22,19.2,7.2,163.1,1
2012,60,22,30.0,23.8,328.8,1
2012,61,22,30.9,11.1,259.7,1
2012,62,22,42.4,10.0,325.5,1
2012,63,22,39.5,9.3,303.2,1
2012,64,22,34.4,3.9,239.3,1
2012,65,22,34.0,2.9,230.9,1
2012,66,22,35.9,4.3,251.1,1
2012,67,22,34.1,6.2,251.0,1
2012,68,22,31.4,5.2,228.1,1
2012,69,22,31.2,6.0,231.6,1
2012,70,22,29.7,6.9,227.4,1
2012,71,22,28.0,32.3,366.2,1
2012,72,22,31.3,24.0,338.1,1
2012,73,21,36.5,20.6,350.8,1
2012,74,22,31.2,23.7,335.7,1
2012,75,22,28.1,7.9,223.2,1
2012,76,21,26.0,21.9,292.4,1
2012,77,22,28.4,14.9,266.3,1
2012,78,21,29.4,10.9,249.1,1
2012,79,21,21.4,3.1,152.8,1
2012,80,20,25.8,3.4,182.3,1
2012,81,21,26.0,4.0,187.1,1
2012,82,22,23.5,3.1,166.1,1
2012,83,22,20.6,13.8,210.8,1
2012,84,21,24.6,12.1,225.9,1
2012,85,22,24.0,16.0,245.1,1
2012,86,22,23.6,15.6,240.3,1
2012,87,22,25.1,13.0,234.4,1
2012,88,22,25.5,10.7,223.4,1
2012,89,22,22.3,13.7,220.9,1
2012,90,22,20.2,11.3,193.6,1
2012,91,22,20.0,12.1,197.0,1
2012,92,22,19.8,10.0,183.4,1
2012,93,22,30.4,10.9,255.4,1
2012,94,22,25.5,10.0,219.2,1
2012,95,22,22.2,9.6,196.1,1
2012,96,22,20.4,10.6,190.7,1
2012,97,22,16.9,9.3,161.0,1
2012,98,22,13.7,10.4,147.4,1
2012,99,22,14.0,9.5,144.0,1
2012,100,22,16.2,9.8,159.6,1
2012,101,22,15.8,10.8,162.9,1
2012,102,22,14.6,10.4,153.0,1
2012,103,22,16.1,11.1,166.6,1
2012,104,22,15.8,10.2,159.4,1
2012,105,22,17.8,10.0,170.8,1
2012,106,22,15.6,11.0,162.9,1
2012,107,22,18.4,11.5,183.4,1
2012,108,22,17.4,10.7,172.4,1
2012,109,22,26.4,12.2,237.9,1
2012,110,22,25.7,10.9,225.8,1
2012,111,22,22.0,11.8,207.8,1
2012,112,22,17.6,10.7,173.7,1
2012,113,22,19.3,11.3,187.9,1
2012,114,22,20.8,10.7,193.8,1
2012,115,22,22.8,10.4,204.6,1
2012,116,22,19.7,9.5,179.8,1
2012,117,22,19.4,13.2,199.7,1
2012,118,22,20.1,9.1,180.0,1
2012,119,22,18.9,7.0,160.1,1
2012,120,22,18.9,6.4,156.5,1
2013,0,68,200.0,39.7,1491.6,1
2013,1,65,462.4,137.8,3719.5,1
2013,2,67,386.9,113.7,3102.8,1
2013,3,65,312.6,132.7,2747.3,1
2013,4,67,286.5,109.5,2446.5,1
2013,5,67,262.5,101.1,2246.1,1
2013,6,68,253.2,100.4,2183.5,1
2013,7,68,240.8,151.1,2404.0,1
2013,8,68,218.3,127.9,2125.9,1
2013,9,68,178.7,111.9,1782.6,1
2013,10,68,155.4,100.7,1570.2,1
2013,11,68,140.0,96.1,1446.2,1
2013,12,68,151.2,95.8,1514.9,1
2013,13,68,135.6,76.5,1303.2,1
2013,14,68,138.9,76.0,1321.0,1
2013,15,68,129.7,78.2,1276.1,1
2013,16,68,129.9,59.3,1166.1,1
2013,17,68,118.8,57.9,1088.0,1
2013,18,68,99.5,51.3,927.8,1
2013,19,68,89.4,46.0,833.1,1
2013,20,67,101.9,50.2,936.4,1
2013,21,68,106.7,48.3,955.4,1
2013,22,68,97.6,45.4,881.1,1
2013,23,68,86.0,47.1,818.2,1
2013,24,68,84.3,41.3,773.3,1
2013,25,68,73.9,39.1,695.0,1
2013,26,68,76.7,38.2,707.3,1
2013,27,68,67.1,35.7,632.2,1
2013,28,67,67.3,33.8,622.3,1
2013,29,67,67.8,34.5,629.5,1
2013,30,68,66.2,36.1,628.9,1
2013,31,68,77.6,35.0,694.1,1
2013,32,68,72.2,28.6,622.5,1
2013,33,68,73.9,31.8,652.0,1
2013,34,68,67.9,31.2,610.7,1
2013,35,68,72.5,32.5,647.3,1
2013,36,68,77.3,31.1,669.3,1
2013,37,68,82.9,33.9,721.0,1
2013,38,68,92.0,35.8,789.4,1
2013,39,68,79.4,31.8,686.6,1
2013,40,68,76.8,33.6,680.8,1
2013,41,68,75.1,34.5,675.4,1
2013,42,68,66.0,31.7,601.7,1
2013,43,68,64.7,31.0,589.4,1
2013,44,68,67.7,29.3,598.3,1
2013,45,68,56.6,27.2,516.1,1
2013,46,68,54.7,28.3,510.6,1
2013,47,68,56.8,29.2,529.1,1
2013,48,68,51.7,27.5,487.0,1
2013,49,68,45.3,24.8,430.9,1
2013,50,68,47.3,24.4,441.1,1
2013,51,68,49.2,23.3,446.6,1
2013,52,68,46.7,22.2,424.4,1
2013,53,68,48.7,23.7,445.8,1
2013,54,68,51.9,26.6,483.0,1
2013,55,68,49.3,37.6,531.4,1
2013,56,68,47.7,39.0,529.6,1
2013,57,68,46.7,37.1,512.1,1
2013,58,68,39.8,37.3,469.9,1
2013,59,68,36.7,36.6,446.3,1
2013,60,68,34.9,33.2,414.9,1
2013,61,66,38.4,36.8,458.1,1
2013,62,66,36.5,36.9,446.8,1
2013,63,66,34.0,33.4,410.4,1
2013,64,66,35.5,29.1,394.6,1
2013,65,66,36.3,27.4,389.6,1
2013,66,65,35.0,30.0,396.7,1
2013,67,65,34.4,29.0,387.1,1
2013,68,65,40.5,31.6,440.7,1
2013,69,65,40.3,28.4,420.6,1
2013,70,64,39.2,33.5,443.7,1
2013,71,64,54.3,41.0,582.9,1
2013,72,65,41.9,33.2,459.0,1
2013,73,65,33.8,38.9,441.6,1
2013,74,65,29.3,38.1,408.5,1
2013,75,65,27.6,30.8,354.9,1
2013,76,65,42.1,25.9,417.2,1
2013,77,65,36.3,25.4,377.8,1
2013,78,65,34.0,30.8,395.1,1
2013,79,65,35.2,27.2,381.5,1
2013,80,65,30.7,18.8,303.8,1
2013,81,65,28.4,18.1,285.2,1
2013,82,65,30.7,24.2,335.5,1
2013,83,65,30.1,18.4,297.6,1
2013,84,65,26.5,18.7,276.7,1
2013,85,65,24.4,15.4,244.1,1
2013,86,65,27.6,12.7,248.4,1
2013,87,65,33.4,15.9,303.7,1
2013,88,65,31.2,14.4,281.0,1
2013,89,65,29.2,13.0,260.2,1
2013,90,65,27.4,11.3,238.9,1
2013,91,65,29.6,11.1,251.5,1
2013,92,65,27.9,13.9,257.3,1
2013,93,65,29.8,13.3,265.7,1
2013,94,65,32.3,27.7,366.2,1
2013,95,65,26.0,16.0,257.7,1
2013,96,65,20.4,13.0,204.8,1
2013,97,65,17.3,9.2,163.0,1
2013,98,65,19.8,8.4,174.0,1
2013,99,65,24.0,16.5,248.1,1
2013,100,65,24.5,22.3,285.4,1
2013,101,65,26.0,13.2,241.2,1
2013,102,65,26.1,24.8,310.1,1
2013,103,65,30.7,22.0,322.6,1
2013,104,65,23.3,21.1,270.7,1
2013,105,65,19.6,17.6,226.9,1
2013,106,65,15.8,19.1,211.8,1
2013,107,65,17.9,18.2,219.7,1
2013,108,65,20.3,20.7,249.5,1
2013,109,65,16.4,17.0,203.2,1
2013,110,65,23.2,17.0,246.0,1
2013,111,65,20.7,16.3,226.1,1
2013,112,65,21.1,17.7,236.9,1
2013,113,65,16.3,18.0,208.5,1
2013,114,65,14.4,14.9,178.3,1
2013,115,65,15.5,14.0,179.9,1
2013,116,64,17.7,10.9,175.5,1
2013,117,64,14.3,9.8,147.6,1
2013,118,64,17.4,17.3,211.3,1
2013,119,64,19.1,18.5,229.0,1
2013,120,64,20.8,18.7,240.9,1
2014,0,190,31.0,8.1,242.7,4
2014,1,118,222.6,57.8,1740.3,4
2014,2,161,380.6,122.0,3112.0,4
2014,3,171,554.2,289.9,5192.2,4
2014,4,183,623.8,384.0,6183.8,4
2014,5,184,597.3,385.7,6027.1,4
2014,6,187,529.7,346.3,5370.0,4
2014,7,189,439.8,309.4,4587.4,4
2014,8,190,356.3,318.7,4116.9,4
2014,9,189,320.2,424.5,4512.6,4
2014,10,190,282.0,362.8,3909.2,4
2014,11,190,253.0,355.6,3684.4,4
2014,12,190,217.4,343.8,3391.0,4
2014,13,189,203.0,295.0,3013.2,4
2014,14,190,187.5,284.3,2852.7,4
2014,15,190,183.8,275.4,2777.1,4
2014,16,190,173.4,245.3,2534.5,4
2014,17,190,165.9,231.1,2403.7,4
2014,18,190,146.5,198.7,2091.0,4
2014,19,190,133.9,199.2,2014.7,4
2014,20,190,119.5,178.4,1801.7,4
2014,21,190,109.7,163.1,1650.0,4
2014,22,190,103.5,151.8,1544.5,4
2014,23,190,105.6,152.0,1558.9,4
2014,24,190,95.9,144.6,1454.3,4
2014,25,190,89.7,138.3,1378.2,4
2014,26,190,91.4,139.7,1397.2,4
2014,27,190,96.9,132.5,1389.4,4
2014,28,190,94.6,122.5,1316.1,4
2014,29,190,89.7,125.3,1301.7,4
2014,30,190,87.0,112.6,1210.0,4
2014,31,190,83.3,116.0,1206.7,4
2014,32,190,83.6,103.5,1135.0,4
2014,33,189,88.8,98.4,1137.7,4
2014,34,189,80.6,93.3,1056.1,4
2014,35,189,81.6,97.5,1087.1,4
2014,36,189,86.4,104.1,1156.2,4
2014,37,189,79.1,93.4,1047.3,4
2014,38,189,79.3,88.6,1020.3,4
2014,39,189,77.2,80.2,957.6,4
2014,40,189,75.7,64.9,858.1,4
2014,41,189,76.4,65.6,866.7,4
2014,42,189,72.9,75.7,904.1,4
2014,43,189,67.4,77.2,878.3,4
2014,44,189,64.1,70.7,819.3,4
2014,45,189,65.9,67.4,811.2,4
2014,46,189,64.6,72.0,830.1,4
2014,47,189,63.3,61.3,759.0,4
2014,48,189,61.9,65.7,776.0,4
2014,49,189,59.6,81.1,852.2,4
2014,50,189,58.3,70.1,779.3,4
2014,51,189,58.9,73.3,801.9,4
2014,52,189,59.1,67.5,769.0,4
2014,53,188,54.5,61.5,704.8,4
2014,54,189,53.0,76.0,780.7,4
2014,55,186,56.8,71.1,775.8,4
2014,56,187,55.6,68.8,754.7,4
2014,57,187,56.0,77.0,805.5,4
2014,58,187,57.6,64.9,744.3,4
2014,59,186,59.4,65.1,756.8,4
2014,60,185,57.6,68.6,766.1,4
2014,61,185,62.7,60.2,748.7,4
2014,62,186,58.0,56.7,698.5,4
2014,63,186,56.2,55.4,679.6,4
2014,64,186,52.6,50.7,629.3,4
2014,65,186,51.3,61.7,685.8,4
2014,66,186,51.2,56.7,655.8,4
2014,67,186,51.3,52.5,631.7,4
2014,68,185,51.6,64.5,704.2,4
2014,69,185,50.6,68.1,719.1,4
2014,70,185,48.0,64.5,681.6,4
2014,71,185,48.3,66.6,695.8,4
2014,72,185,47.4,66.4,689.0,4
2014,73,185,43.4,63.3,645.6,4
2014,74,185,47.5,67.6,696.7,4
2014,75,185,48.5,65.0,687.6,4
2014,76,185,47.9,59.8,653.3,4
2014,77,186,42.0,55.2,589.1,4
2014,78,186,42.2,51.5,568.6,4
2014,79,186,39.8,44.7,513.4,4
2014,80,186,39.6,48.1,532.2,4
2014,81,186,38.2,40.7,479.8,4
2014,82,186,40.5,41.4,498.4,4
2014,83,186,40.6,39.7,489.0,4
2014,84,186,37.6,40.4,474.3,4
2014,85,186,39.6,41.1,491.0,4
2014,86,187,42.7,42.0,515.8,4
2014,87,187,42.7,40.1,504.6,4
2014,88,187,37.5,37.0,453.6,4
2014,89,187,36.6,37.4,450.3,4
2014,90,187,36.2,36.2,440.8,4
2014,91,187,37.8,39.0,467.3,4
2014,92,187,38.4,38.7,469.3,4
2014,93,187,40.8,37.4,476.8,4
2014,94,187,39.9,37.7,472.9,4
2014,95,187,38.8,37.4,464.2,4
2014,96,187,38.6,37.6,464.1,4
2014,97,187,37.6,37.4,456.6,4
2014,98,187,37.1,34.8,438.2,4
2014,99,187,35.9,37.0,443.6,4
2014,100,187,38.5,36.2,455.2,4
2014,101,187,35.2,34.7,425.6,4
2014,102,187,34.3,28.4,382.9,4
2014,103,187,32.6,26.8,362.8,4
2014,104,187,34.7,26.3,373.1,4
2014,105,187,35.3,35.6,431.6,4
2014,106,187,37.6,39.1,466.6,4
2014,107,187,44.0,35.1,483.3,4
2014,108,187,37.2,30.6,414.1,4
2014,109,187,35.4,32.5,414.0,4
2014,110,187,36.0,30.5,406.0,4
2014,111,187,35.7,34.0,424.7,4
2014,112,187,34.7,30.6,398.4,4
2014,113,187,32.8,25.0,353.5,4
2014,114,187,30.0,23.8,328.8,4
2014,115,187,26.8,23.7,308.1,4
2014,116,187,31.0,31.0,377.4,4
2014,117,187,31.5,32.4,388.8,4
2014,118,187,30.7,31.1,376.2,4
2014,119,187,29.4,31.1,368.0,4
2014,120,187,27.1,30.2,348.2,4
2015,0,175,203.6,112.2,1941.0,1
2015,1,169,844.4,394.5,7633.1,1
2015,2,169,804.0,393.3,7372.0,1
2015,3,172,627.8,342.8,5966.5,1
2015,4,174,485.0,335.0,5022.4,1
2015,5,175,423.7,305.1,4460.8,1
2015,6,175,381.7,299.7,4164.9,1
2015,7,175,349.2,306.1,3998.1,1
2015,8,175,293.0,412.6,4271.5,1
2015,9,175,249.7,322.3,3467.6,1
2015,10,175,224.6,394.0,3731.8,1
2015,11,175,210.9,330.6,3272.4,1
2015,12,175,204.7,289.9,2993.9,1
2015,13,175,200.3,261.6,2799.6,1
2015,14,175,181.4,249.6,2610.1,1
2015,15,175,178.2,229.0,2468.7,1
2015,16,175,167.7,205.8,2266.1,1
2015,17,175,163.5,206.0,2240.9,1
2015,18,175,184.9,206.2,2376.7,1
2015,19,175,201.2,187.2,2367.4,1
2015,20,175,158.2,157.1,1919.7,1
2015,21,175,150.8,169.8,1947.9,1
2015,22,175,146.3,152.9,1820.2,1
2015,23,175,140.0,142.6,1719.9,1
2015,24,175,124.5,121.3,1497.1,1
2015,25,175,135.9,98.6,1435.1,1
2015,26,175,133.2,94.3,1392.9,1
2015,27,175,127.1,90.4,1331.5,1
2015,28,175,119.7,83.6,1245.0,1
2015,29,175,120.1,75.1,1197.4,1
2015,30,175,114.9,65.7,1109.4,1
2015,31,175,111.6,63.7,1076.9,1
2015,32,175,109.1,66.0,1074.7,1
2015,33,175,99.0,72.2,1047.7,1
2015,34,175,90.5,65.2,953.0,1
2015,35,175,98.6,55.2,945.1,1
2015,36,175,98.5,55.8,948.0,1
2015,37,175,94.3,57.0,928.6,1
2015,38,175,99.2,103.9,1235.5,1
2015,39,175,103.2,136.5,1452.5,1
2015,40,175,96.9,118.3,1305.8,1
2015,41,175,102.6,113.3,1312.2,1
2015,42,172,90.6,105.1,1188.5,1
2015,43,175,100.3,93.8,1183.0,1
2015,44,175,93.2,93.6,1137.1,1
2015,45,173,86.8,90.1,1076.3,1
2015,46,175,81.7,82.5,999.5,1
2015,47,175,88.3,79.2,1021.6,1
2015,48,175,85.3,90.3,1068.0,1
2015,49,175,82.8,98.9,1102.9,1
2015,50,175,74.9,95.6,1033.8,1
2015,51,175,72.1,87.5,968.5,1
2015,52,175,73.2,81.4,939.5,1
2015,53,175,72.5,78.4,917.5,1
2015,54,175,76.8,77.8,941.0,1
2015,55,175,69.7,76.6,889.3,1
2015,56,175,68.8,80.0,903.6,1
2015,57,175,60.8,77.9,840.9,1
2015,58,175,63.2,74.3,834.8,1
2015,59,175,66.6,65.7,805.6,1
2015,60,175,64.3,66.4,795.3,1
2015,61,175,60.4,68.3,781.9,1
2015,62,175,59.9,61.7,739.9,1
2015,63,175,59.2,64.7,753.2,1
2015,64,175,61.6,60.1,741.2,1
2015,65,175,57.4,58.4,704.8,1
2015,66,175,56.7,61.8,720.4,1
2015,67,175,58.1,62.2,731.5,1
2015,68,175,61.5,64.1,764.1,1
2015,69,175,59.2,58.5,716.7,1
2015,70,175,53.8,55.8,666.8,1
2015,71,175,50.7,53.1,631.4,1
2015,72,175,47.0,56.2,626.4,1
2015,73,175,47.0,54.5,616.4,1
2015,74,175,47.1,52.4,604.7,1
2015,75,175,45.7,51.8,592.3,1
2015,76,175,42.9,49.7,562.4,1
2015,77,175,40.5,51.2,556.1,1
2015,78,175,48.5,50.1,599.9,1
2015,79,175,43.8,50.9,575.1,1
2015,80,175,47.0,51.3,597.6,1
2015,81,175,44.2,48.6,564.1,1
2015,82,175,49.4,49.9,604.4,1
2015,83,175,47.8,45.6,569.1,1
2015,84,175,54.7,45.8,613.6,1
2015,85,175,52.9,46.3,605.3,1
2015,86,175,47.1,44.6,558.8,1
2015,87,175,43.8,43.5,531.5,1
2015,88,175,43.8,42.6,526.2,1
2015,89,175,41.7,41.2,504.8,1
2015,90,175,44.8,41.2,524.3,1
2015,91,175,54.7,43.4,599.5,1
2015,92,175,55.0,41.7,591.4,1
2015,93,175,43.7,40.0,510.3,1
2015,94,175,50.6,42.4,567.8,1
2015,95,175,50.0,36.3,528.2,1
2015,96,175,49.2,34.5,512.5,1
2015,97,175,39.8,33.3,446.3,1
2015,98,175,45.6,35.0,492.8,1
2015,99,175,46.4,31.6,477.8,1
2015,100,175,44.4,36.5,494.1,1
2015,101,175,46.4,32.6,483.7,1
2015,102,175,41.9,40.2,500.2,1
2015,103,175,35.8,36.0,437.1,1
2015,104,175,39.9,29.7,425.8,1
2015,105,175,43.8,30.3,453.8,1
2015,106,175,44.2,39.4,509.9,1
2015,107,175,41.6,32.9,455.3,1
2015,108,172,38.8,34.8,448.9,1
2015,109,175,33.8,32.2,402.1,1
2015,110,175,37.5,31.4,420.7,1
2015,111,173,36.8,33.5,428.6,1
2015,112,175,38.0,31.7,425.6,1
2015,113,175,39.0,33.0,439.5,1
2015,114,175,40.7,32.2,445.5,1
2015,115,175,46.7,32.1,482.7,1
2015,116,175,39.4,31.4,432.6,1
2015,117,175,42.1,30.4,443.7,1
2015,118,175,41.5,31.5,446.4,1
2015,119,175,40.3,30.8,434.8,1
2015,120,175,42.0,30.9,446.0,1
2016,0,111,208.8,124.6,2046.7,2
2016,1,111,1076.0,638.6,10526.6,2
2016,2,111,1362.8,1085.8,14962.8,2
2016,3,111,1305.7,1089.1,14623.0,2
2016,4,111,1216.4,1056.6,13870.1,2
2016,5,111,1106.8,1108.8,13487.9,2
2016,6,111,1018.9,979.3,12172.8,2
2016,7,111,911.8,897.2,11016.0,2
2016,8,111,820.2,800.5,9870.6,2
2016,9,111,803.9,707.5,9220.7,2
2016,10,111,737.4,613.1,8246.8,2
2016,11,111,731.6,559.9,7897.2,2
2016,12,111,683.0,566.6,7630.9,2
2016,13,111,655.0,519.4,7177.0,2
2016,14,111,626.6,522.2,7014.9,2
2016,15,111,595.5,521.0,6812.2,2
2016,16,111,558.8,477.2,6323.5,2
2016,17,111,529.6,382.5,5582.5,2
2016,18,111,496.1,321.9,5015.1,2
2016,19,111,482.1,274.0,4645.1,2
2016,20,111,481.0,263.8,4578.1,2
2016,21,111,455.8,223.1,4180.1,2
2016,22,111,430.5,227.1,4044.5,2
2016,23,111,394.8,221.6,3787.6,2
2016,24,111,414.9,224.3,3929.9,2
2016,25,111,418.2,195.9,3783.5,2
2016,26,111,399.6,194.4,3657.6,2
2016,27,111,400.2,232.6,3886.3,2
2016,28,111,417.7,248.9,4092.3,2
2016,29,110,428.9,262.9,4245.1,2
2016,30,111,408.9,283.2,4238.8,2
2016,31,111,375.5,273.9,3974.0,2
2016,32,111,370.8,273.8,3943.8,2
2016,33,111,334.5,278.9,3745.5,2
2016,34,111,337.3,288.1,3817.3,2
2016,35,111,332.5,285.2,3770.0,2
2016,36,111,313.3,227.5,3309.7,2
2016,37,111,304.9,198.8,3087.9,2
2016,38,110,319.9,197.0,3171.6,2
2016,39,111,291.6,219.4,3125.5,2
2016,40,111,305.0,190.4,3039.1,2
2016,41,111,306.9,159.6,2869.7,2
2016,42,111,243.5,143.0,2373.3,2
2016,43,111,252.5,129.6,2351.0,2
2016,44,111,244.4,139.0,2355.4,2
2016,45,111,226.0,141.0,2251.4,2
2016,46,111,229.6,128.4,2199.9,2
2016,47,111,253.6,129.6,2357.9,2
2016,48,111,256.8,140.0,2439.3,2
2016,49,111,244.3,131.9,2313.0,2
2016,50,111,238.4,117.8,2192.9,2
2016,51,111,255.5,89.5,2133.8,2
2016,52,111,264.7,67.9,2064.6,2
2016,53,111,251.6,78.8,2046.3,2
2016,54,111,230.1,75.6,1892.3,2
2016,55,111,222.9,79.2,1868.2,2
2016,56,111,198.3,74.5,1685.8,2
2016,57,111,177.6,64.6,1497.3,2
2016,58,111,204.1,68.8,1688.7,2
2016,59,111,230.7,71.0,1869.0,2
2016,60,111,236.0,66.4,1875.2,2
2016,61,111,216.4,51.1,1661.9,2
2016,62,111,192.9,68.0,1613.6,2
2016,63,111,188.4,74.0,1620.6,2
2016,64,111,172.5,69.5,1494.1,2
2016,65,111,166.5,69.5,1456.3,2
2016,66,111,158.4,80.9,1472.5,2
2016,67,111,154.1,74.2,1406.0,2
2016,68,111,156.7,90.2,1516.5,2
2016,69,111,160.0,95.5,1568.5,2
2016,70,111,163.1,97.3,1598.6,2
2016,71,111,156.1,102.5,1585.2,2
2016,72,111,150.2,94.8,1502.7,2
2016,73,111,138.4,83.0,1359.0,2
2016,74,111,139.9,79.4,1347.3,2
2016,75,111,166.1,83.5,1536.2,2
2016,76,111,174.2,93.9,1648.4,2
2016,77,111,207.0,112.6,1964.8,2
2016,78,111,212.2,95.5,1896.8,2
2016,79,111,213.5,88.8,1865.5,2
2016,80,111,185.7,88.2,1687.2,2
2016,81,111,199.6,89.6,1782.8,2
2016,82,111,176.8,92.3,1655.3,2
2016,83,111,171.5,70.7,1494.8,2
2016,84,111,170.7,85.0,1574.0,2
2016,85,111,164.0,73.0,1461.2,2
2016,86,111,155.7,65.7,1366.0,2
2016,87,111,160.0,74.3,1443.7,2
2016,88,111,147.6,76.6,1379.2,2
2016,89,111,166.0,75.2,1486.7,2
2016,90,111,160.4,56.2,1339.7,2
2016,91,111,166.5,85.1,1548.2,2
2016,92,111,158.7,93.9,1550.9,2
2016,93,111,157.6,71.0,1409.2,2
2016,94,111,149.9,58.5,1287.2,2
2016,95,110,153.6,63.2,1338.1,2
2016,96,111,163.6,61.5,1391.0,2
2016,97,111,169.6,67.8,1465.8,2
2016,98,111,169.3,43.3,1319.7,2
2016,99,111,163.6,54.1,1347.4,2
2016,100,111,160.8,65.8,1398.7,2
2016,101,111,139.2,54.7,1197.5,2
2016,102,111,135.6,59.1,1200.8,2
2016,103,111,145.7,54.5,1237.2,2
2016,104,110,155.8,51.2,1281.3,2
2016,105,111,149.3,59.4,1288.7,2
2016,106,111,147.9,76.9,1382.9,2
2016,107,111,130.1,69.4,1226.8,2
2016,108,111,128.4,79.8,1277.3,2
2016,109,111,117.1,55.9,1065.6,2
2016,110,111,120.2,44.6,1018.5,2
2016,111,111,124.8,50.1,1079.9,2
2016,112,111,127.9,48.4,1089.3,2
2016,113,111,134.3,45.2,1110.8,2
2016,114,111,151.3,44.5,1213.6,2
2016,115,103,146.9,43.6,1180.6,2
2016,116,93,142.9,41.1,1140.7,2
2016,117,90,130.4,51.7,1124.5,2
2016,118,78,122.0,66.5,1158.8,2
2016,119,68,105.8,30.8,846.7,2
2016,120,63,108.9,31.6,871.0,2
2017,0,100,252.3,83.4,2077.8,5
2017,1,99,990.0,877.6,11392.5,5
2017,2,100,1281.3,1826.6,18810.5,5
2017,3,100,1378.5,2254.1,21938.1,5
2017,4,100,1294.4,2265.6,21476.8,5
2017,5,100,1218.2,2456.6,22121.8,5
2017,6,100,1080.6,2152.7,19467.6,5
2017,7,100,992.2,2059.9,18365.3,5
2017,8,100,890.7,2151.4,18265.5,5
2017,9,100,829.9,1967.6,16801.2,5
2017,10,100,786.1,2028.8,16885.9,5
2017,11,100,716.9,1984.3,16188.7,5
2017,12,100,754.8,1893.9,15895.0,5
2017,13,99,661.3,1747.7,14446.4,5
2017,14,100,662.5,1444.3,12668.1,5
2017,15,100,612.2,1364.3,11880.9,5
2017,16,100,560.5,1342.9,11429.7,5
2017,17,100,555.6,1546.0,12594.4,5
2017,18,97,462.9,1433.9,11351.5,5
2017,19,100,486.7,1281.3,10603.0,5
2017,20,100,446.8,1247.6,10153.7,5
2017,21,100,456.5,1186.6,9855.6,5
2017,22,99,436.0,1137.8,9439.4,5
2017,23,99,372.5,1067.4,8625.7,5
2017,24,100,367.3,892.4,7562.9,5
2017,25,100,341.1,844.1,7113.8,5
2017,26,100,352.2,840.8,7164.2,5
2017,27,100,348.9,788.4,6835.0,5
2017,28,100,319.4,515.9,5045.5,5
2017,29,100,304.9,477.3,4727.1,5
2017,30,100,346.0,469.1,4937.4,5
2017,31,100,354.3,455.3,4908.4,5
2017,32,100,344.3,455.6,4847.2,5
2017,33,100,315.2,439.8,4571.2,5
2017,34,100,296.2,408.4,4266.9,5
2017,35,100,298.5,413.8,4313.1,5
2017,36,100,294.0,408.0,4250.7,5
2017,37,100,291.0,420.5,4305.4,5
2017,38,100,279.4,397.2,4095.3,5
2017,39,100,271.7,425.1,4211.1,5
2017,40,100,255.3,449.6,4252.1,5
2017,41,100,288.4,538.9,4985.9,5
2017,42,100,280.4,608.9,5347.6,5
2017,43,100,267.1,540.2,4859.6,5
2017,44,100,268.4,754.4,6128.6,5
2017,45,100,251.3,782.6,6187.0,5
2017,46,100,221.7,746.7,5789.5,5
2017,47,100,217.7,712.0,5560.1,5
2017,48,100,249.6,707.9,5736.6,5
2017,49,100,235.0,551.2,4722.5,5
2017,50,100,219.6,634.8,5117.7,5
2017,51,100,166.0,639.7,4809.4,5
2017,52,100,207.6,628.5,5005.1,5
2017,53,100,214.5,522.7,4425.8,5
2017,54,100,194.3,513.7,4245.7,5
2017,55,100,202.6,552.0,4523.4,5
2017,56,100,191.3,562.9,4516.5,5
2017,57,100,203.8,489.1,4160.7,5
2017,58,100,187.9,540.4,4362.6,5
2017,59,100,149.5,466.8,3687.9,5
2017,60,100,141.2,402.6,3257.8,5
2017,61,100,140.5,501.3,3834.4,5
2017,62,100,167.3,434.3,3608.6,5
2017,63,100,155.0,451.7,3633.6,5
2017,64,100,146.6,439.4,3508.4,5
2017,65,100,164.5,347.6,3080.6,5
2017,66,99,162.4,352.1,3093.9,5
2017,67,99,138.7,435.0,3432.8,5
2017,68,99,134.9,326.7,2771.5,5
2017,69,99,150.2,347.7,2991.3,5
2017,70,99,152.8,365.8,3114.2,5
2017,71,99,150.4,365.3,3096.1,5
2017,72,99,164.7,421.9,3519.2,5
2017,73,99,151.2,370.8,3133.5,5
2017,74,99,172.0,387.3,3361.5,5
2017,75,98,165.9,309.3,2864.0,5
2017,76,99,178.6,330.1,3066.3,5
2017,77,99,158.4,306.6,2801.0,5
2017,78,99,173.1,338.2,3079.4,5
2017,79,99,148.8,293.6,2664.1,5
2017,80,99,149.3,287.0,2628.3,5
2017,81,99,149.6,337.9,2929.8,5
2017,82,99,158.6,357.0,3098.9,5
2017,83,99,143.7,318.8,2780.3,5
2017,84,96,141.0,330.8,2834.0,5
2017,85,99,173.4,264.7,2648.7,5
2017,86,99,166.2,278.4,2684.0,5
2017,87,99,152.3,347.0,3000.4,5
2017,88,98,151.0,350.1,3010.4,5
2017,89,98,153.6,354.6,3053.3,5
2017,90,99,136.8,328.8,2795.8,5
2017,91,99,131.1,319.1,2702.8,5
2017,92,99,113.0,372.7,2904.5,5
2017,93,99,126.8,316.8,2662.2,5
2017,94,99,139.9,292.3,2600.4,5
2017,95,99,139.2,266.5,2444.2,5
2017,96,99,138.8,296.3,2617.0,5
2017,97,99,149.3,301.8,2715.5,5
2017,98,99,135.0,225.6,2177.0,5
2017,99,99,134.9,235.2,2232.9,5
2017,100,99,143.6,244.5,2342.3,5
2017,101,99,141.9,188.2,2000.3,5
2017,102,99,117.6,189.1,1852.7,5
2017,103,87,130.3,151.5,1711.3,5
2017,104,85,118.1,143.3,1586.3,5
2017,105,77,119.2,144.3,1599.1,5
2017,106,59,112.4,133.4,1492.2,5
2017,107,55,94.0,240.1,2004.5,5
2017,108,47,115.3,201.6,1911.8,5
2017,109,40,112.8,161.5,1660.1,5
2017,110,28,110.3,164.0,1659.1,5
2017,111,19,111.6,55.0,1025.7,5
2017,112,7,46.4,213.6,1549.1,5
2018,0,196,261.3,488.5,4518.8,4
2018,1,182,1048.2,2596.9,21878.3,4
2018,2,195,1382.5,3927.8,31814.7,4
2018,3,196,1529.2,3989.8,33102.3,4
2018,4,196,1505.8,4202.4,34206.5,4
2018,5,196,1387.4,4036.2,32483.5,4
2018,6,196,1220.1,3676.0,29311.1,4
2018,7,196,1128.7,3386.4,27031.6,4
2018,8,196,1038.9,3241.1,25611.6,4
2018,9,196,923.7,3037.5,23688.6,4
2018,10,196,844.7,2884.5,22291.2,4
2018,11,195,816.3,2604.3,20463.3,4
2018,12,196,752.8,2623.8,20178.6,4
2018,13,192,647.9,2309.6,17669.5,4
2018,14,196,618.0,2385.6,17928.7,4
2018,15,196,576.0,2654.6,19247.9,4
2018,16,196,550.7,2426.5,17746.2,4
2018,17,196,525.7,2400.5,17435.9,4
2018,18,196,496.5,2425.7,17400.6,4
2018,19,196,467.8,2207.4,15935.1,4
2018,20,196,503.4,2037.3,15157.8,4
2018,21,196,477.6,2165.0,15747.2,4
2018,22,196,482.4,1785.3,13542.5,4
2018,23,196,486.4,1605.0,12506.4,4
2018,24,196,503.1,1676.1,13029.9,4
2018,25,196,517.5,1541.2,12326.5,4
2018,26,196,456.4,1381.3,11001.0,4
2018,27,196,434.9,1639.5,12385.5,4
2018,28,196,428.4,1664.6,12492.4,4
2018,29,196,422.3,1633.4,12270.4,4
2018,30,196,400.6,1533.6,11546.5,4
2018,31,196,395.3,1620.9,12027.0,4
2018,32,196,405.7,1531.5,11566.2,4
2018,33,196,395.6,1438.5,10955.3,4
2018,34,196,368.0,1361.2,10326.7,4
2018,35,196,310.4,1197.2,8999.1,4
2018,36,196,333.6,1183.7,9065.5,4
2018,37,196,328.2,1162.9,8909.1,4
2018,38,196,308.7,1174.8,8856.5,4
2018,39,196,310.3,1231.4,9199.7,4
2018,40,196,300.2,1236.6,9166.8,4
2018,41,196,301.5,1194.5,8927.2,4
2018,42,196,313.3,1140.4,8683.0,4
2018,43,196,299.9,1220.8,9071.9,4
2018,44,196,321.9,1205.6,9120.8,4
2018,45,196,315.0,1183.3,8946.2,4
2018,46,196,300.0,1202.9,8967.2,4
2018,47,196,289.3,1096.5,8273.6,4
2018,48,196,252.4,1007.3,7516.5,4
2018,49,196,251.8,890.5,6825.3,4
2018,50,196,274.3,963.4,7395.9,4
2018,51,196,272.0,907.0,7049.4,4
2018,52,196,280.7,859.4,6824.0,4
2018,53,196,280.2,847.7,6752.0,4
2018,54,196,262.2,881.3,6836.5,4
2018,55,196,249.4,868.3,6679.5,4
2018,56,196,251.2,896.1,6854.4,4
2018,57,196,253.0,875.9,6746.9,4
2018,58,196,257.9,784.5,6239.7,4
2018,59,196,275.4,820.1,6559.3,4
2018,60,196,278.0,749.3,6158.9,4
2018,61,194,267.3,755.0,6125.2,4
2018,62,196,265.2,668.6,5603.4,4
2018,63,196,249.0,658.3,5440.9,4
2018,64,196,214.4,645.8,5149.7,4
2018,65,196,201.5,649.3,5089.2,4
2018,66,196,195.0,573.1,4599.8,4
2018,67,196,203.0,638.7,5036.2,4
2018,68,196,231.3,617.3,5088.3,4
2018,69,196,225.8,614.6,5037.8,4
2018,70,196,228.1,637.4,5186.4,4
2018,71,196,201.4,591.0,4745.4,4
2018,72,196,208.9,616.1,4940.3,4
2018,73,196,206.4,532.0,4429.6,4
2018,74,196,205.4,463.8,4021.9,4
2018,75,196,221.4,534.7,4539.8,4
2018,76,196,210.8,539.5,4501.4,4
2018,77,195,208.9,617.3,4947.4,4
2018,78,196,197.7,524.1,4328.3,4
2018,79,192,188.8,555.8,4459.0,4
2018,80,196,190.0,569.2,4545.4,4
2018,81,196,185.6,586.2,4617.8,4
2018,82,196,168.0,513.9,4081.5,4
2018,83,196,170.9,510.9,4082.1,4
2018,84,196,157.2,474.1,3779.3,4
2018,85,196,154.9,472.9,3757.8,4
2018,86,196,144.2,461.5,3623.4,4
2018,87,196,150.7,479.3,3769.0,4
2018,88,196,149.0,445.4,3558.8,4
2018,89,195,148.9,467.3,3687.1,4
2018,90,193,148.9,465.6,3677.1,4
2018,91,181,141.6,451.8,3549.9,4
2018,92,173,142.0,476.8,3699.6,4
2018,93,138,193.3,407.3,3613.2,4
2018,94,121,166.0,398.1,3387.3,4
2018,95,105,167.4,392.2,3361.4,4
2018,96,91,157.6,383.8,3250.3,4
2018,97,65,181.2,451.1,3794.9,4
2018,98,55,186.2,436.3,3739.2,4
2018,99,41,152.0,395.7,3285.1,4
2018,100,32,132.0,398.9,3178.2,4
2018,101,21,39.5,284.3,1921.8,4
2019,0,195,436.6,322.6,4645.0,3
2019,1,192,1499.5,1464.8,18053.4,3
2019,2,192,2290.5,2292.7,27901.6,3
2019,3,192,2524.0,2572.5,31017.2,3
2019,4,195,2265.2,2604.5,29577.7,3
2019,5,195,2109.3,2631.8,28757.8,3
2019,6,195,1944.2,2703.1,28139.1,3
2019,7,195,1728.6,2582.4,26072.6,3
2019,8,195,1667.9,2693.1,26342.3,3
2019,9,195,1530.6,2652.9,25242.1,3
2019,10,195,1292.7,2575.9,23292.6,3
2019,11,195,1295.2,2438.3,22498.4,3
2019,12,195,1303.2,2068.0,20369.1,3
2019,13,195,1203.5,2074.6,19780.9,3
2019,14,195,1208.4,2296.9,21120.1,3
2019,15,195,1145.0,2126.3,19717.2,3
2019,16,195,1131.5,2026.6,19045.5,3
2019,17,195,1082.5,1971.5,18413.0,3
2019,18,195,1036.1,1837.1,17330.0,3
2019,19,195,973.4,1750.7,16427.1,3
2019,20,195,980.4,1694.8,16142.1,3
2019,21,195,907.2,1595.2,15095.5,3
2019,22,195,844.7,1551.5,14445.1,3
2019,23,195,851.8,1550.0,14481.0,3
2019,24,195,838.6,1539.6,14336.7,3
2019,25,195,786.0,1433.3,13380.2,3
2019,26,195,725.0,1461.2,13160.7,3
2019,27,195,666.5,1343.1,12097.6,3
2019,28,195,609.6,1312.7,11560.8,3
2019,29,195,607.4,1211.2,10949.5,3
2019,30,195,604.0,1129.2,10445.5,3
2019,31,195,631.2,1066.9,10249.9,3
2019,32,195,654.0,910.7,9473.9,3
2019,33,195,707.6,946.1,10019.4,3
2019,34,195,660.0,865.6,9246.2,3
2019,35,195,608.9,899.8,9126.1,3
2019,36,195,611.3,1028.0,9895.8,3
2019,37,195,571.4,888.2,8821.9,3
2019,38,195,541.4,884.7,8612.6,3
2019,39,195,504.3,824.2,8023.2,3
2019,40,195,497.1,738.5,7473.5,3
2019,41,194,479.3,734.3,7336.8,3
2019,42,194,476.5,666.5,6920.1,3
2019,43,194,469.2,673.3,6914.2,3
2019,44,194,471.9,674.5,6938.3,3
2019,45,194,471.1,505.3,5937.3,3
2019,46,194,478.9,531.5,6140.6,3
2019,47,194,492.0,548.3,6321.9,3
2019,48,194,514.6,627.3,6929.0,3
2019,49,194,486.9,598.8,6587.0,3
2019,50,193,485.0,645.8,6851.7,3
2019,51,194,432.9,562.5,6033.7,3
2019,52,194,429.1,531.6,5828.0,3
2019,53,194,430.2,469.5,5469.3,3
2019,54,194,455.5,558.2,6150.6,3
2019,55,194,435.8,545.4,5951.3,3
2019,56,194,425.3,489.4,5555.7,3
2019,57,191,418.7,585.3,6078.6,3
2019,58,193,384.4,498.7,5353.1,3
2019,59,194,358.4,422.8,4742.9,3
2019,60,194,372.5,391.3,4646.1,3
2019,61,194,350.4,472.2,4983.3,3
2019,62,192,369.9,531.6,5455.6,3
2019,63,190,373.7,542.2,5541.9,3
2019,64,193,331.6,466.0,4828.6,3
2019,65,189,332.6,463.7,4821.3,3
2019,66,194,355.0,459.4,4936.9,3
2019,67,194,331.0,415.4,4527.0,3
2019,68,194,358.5,504.9,5226.7,3
2019,69,194,343.0,418.7,4621.9,3
2019,70,194,355.9,482.3,5077.4,3
2019,71,194,348.3,440.6,4784.1,3
2019,72,194,329.1,413.1,4501.5,3
2019,73,194,335.2,419.0,4574.6,3
2019,74,194,340.7,458.7,4842.8,3
2019,75,194,343.4,427.7,4677.4,3
2019,76,194,357.3,410.6,4664.1,3
2019,77,193,371.3,408.2,4738.1,3
2019,78,190,392.3,378.1,4693.0,3
2019,79,175,348.1,396.8,4525.0,3
2019,80,169,296.0,404.0,4239.7,3
2019,81,148,286.6,409.9,4215.3,3
2019,82,128,249.9,413.5,4005.7,3
2019,83,115,257.2,386.8,3894.4,3
2019,84,86,289.9,427.9,4342.0,3
2019,85,73,257.7,470.9,4392.6,3
2019,86,58,276.7,488.4,4615.1,3
2019,87,32,194.1,559.7,4515.2,3
2019,88,17,102.1,424.1,3138.4,3
2019,89,11,128.8,565.7,4139.8,3
2020,0,82,421.7,221.1,3953.8,5
2020,1,82,2241.0,639.3,17858.4,5
2020,2,82,3422.3,918.3,26930.7,5
2020,3,82,3677.1,1096.8,29584.0,5
2020,4,82,3657.9,1147.3,29760.5,5
2020,5,82,3760.4,1132.5,30318.1,5
2020,6,82,3406.6,1056.6,27646.0,5
2020,7,82,2875.4,963.1,23754.5,5
2020,8,82,2513.2,866.7,20908.9,5
2020,9,82,2430.4,823.0,20130.9,5
2020,10,82,2318.7,819.2,19406.0,5
2020,11,82,2123.7,791.7,18017.6,5
2020,12,82,2037.7,712.6,17011.1,5
2020,13,82,1814.1,648.9,15229.8,5
2020,14,82,1711.0,622.5,14425.9,5
2020,15,82,1712.5,515.2,13803.7,5
2020,16,82,1811.2,547.5,14614.7,5
2020,17,82,1693.8,599.9,14184.7,5
2020,18,82,1578.7,559.7,13224.1,5
2020,19,82,1494.0,569.3,12747.9,5
2020,20,82,1469.0,505.3,12213.9,5
2020,21,82,1444.8,520.0,12148.2,5
2020,22,82,1430.6,490.8,11887.0,5
2020,23,82,1365.0,470.6,11355.5,5
2020,24,82,1150.2,418.3,9696.6,5
2020,25,82,1119.0,387.3,9317.9,5
2020,26,82,1159.6,435.1,9854.7,5
2020,27,82,1104.7,400.6,9306.3,5
2020,28,82,1035.5,392.9,8825.7,5
2020,29,82,1030.0,420.9,8955.9,5
2020,30,82,1027.8,459.3,9168.1,5
2020,31,82,1004.6,421.8,8801.4,5
2020,32,82,936.8,342.7,7909.4,5
2020,33,82,944.7,356.2,8038.6,5
2020,34,82,889.1,351.7,7662.4,5
2020,35,82,867.2,331.4,7405.1,5
2020,36,82,892.3,327.2,7538.3,5
2020,37,82,908.4,315.3,7569.5,5
2020,38,82,911.7,320.0,7617.9,5
2020,39,82,858.8,314.2,7251.1,5
2020,40,82,836.8,315.7,7121.5,5
2020,41,82,809.4,302.3,6870.3,5
2020,42,82,822.1,257.3,6685.3,5
2020,43,82,712.7,289.2,6185.0,5
2020,44,82,671.0,262.9,5767.9,5
2020,45,82,665.5,290.2,5894.0,5
2020,46,82,679.1,226.4,5604.0,5
2020,47,78,655.4,231.9,5487.3,5
2020,48,82,659.4,245.7,5593.7,5
2020,49,82,620.9,257.2,5419.2,5
2020,50,78,611.9,233.9,5225.5,5
2020,51,82,623.9,212.2,5173.2,5
2020,52,82,657.9,250.6,5613.1,5
2020,53,82,643.7,259.1,5573.8,5
2020,54,82,600.2,267.7,5350.8,5
2020,55,78,604.7,266.4,5371.5,5
2020,56,82,612.1,261.5,5389.2,5
2020,57,82,568.3,223.6,4890.6,5
2020,58,82,591.3,214.6,4982.3,5
2020,59,82,529.3,229.4,4679.4,5
2020,60,82,519.6,211.1,4510.7,5
2020,61,82,543.8,220.3,4717.1,5
2020,62,82,521.8,219.5,4574.0,5
2020,63,82,550.4,218.1,4745.6,5
2020,64,82,524.0,172.6,4311.8,5
2020,65,82,495.4,171.2,4123.7,5
2020,66,78,486.4,175.2,4090.6,5
2020,67,66,447.2,183.5,3892.9,5
2020,68,56,426.4,158.8,3616.7,5
2020,69,43,445.0,193.7,3939.1,5
2020,70,43,467.4,197.2,4100.6,5
2020,71,43,460.9,239.9,4311.0,5
2020,72,38,414.1,227.1,3941.3,5
2020,73,33,438.5,221.4,4061.2,5
2020,74,33,430.7,161.6,3660.2,5
2020,75,33,425.4,80.0,3146.6,5
2020,76,26,498.6,92.0,3677.6,5
2020,77,6,388.5,126.8,3189.9,5
2021,0,275,397.4,562.3,5809.3,4
2021,1,271,1540.5,2432.6,24007.7,4
2021,2,271,2653.9,3258.9,35874.4,4
2021,3,275,2899.6,3456.8,38584.6,4
2021,4,269,2897.1,3630.5,39591.3,4
2021,5,275,2540.1,3453.4,36303.4,4
2021,6,275,2402.4,3295.6,34508.5,4
2021,7,275,2375.8,2962.0,32377.6,4
2021,8,275,2151.1,2687.7,29349.8,4
2021,9,275,1939.7,2550.0,27209.6,4
2021,10,275,1779.1,2491.3,25854.0,4
2021,11,275,1604.3,2322.1,23758.6,4
2021,12,275,1575.0,2309.7,23501.3,4
2021,13,275,1462.4,2043.7,21227.4,4
2021,14,275,1470.2,1963.1,20802.1,4
2021,15,275,1347.8,1872.6,19499.5,4
2021,16,275,1307.4,1726.5,18385.5,4
2021,17,275,1219.1,1599.4,17082.0,4
2021,18,275,1202.6,1534.2,16594.4,4
2021,19,275,1183.3,1453.6,15998.6,4
2021,20,275,1164.2,1468.1,15963.8,4
2021,21,275,1070.0,1476.9,15423.1,4
2021,22,275,1050.0,1336.7,14472.1,4
2021,23,275,1030.5,1208.1,13592.5,4
2021,24,275,1002.5,1266.8,13761.9,4
2021,25,275,910.2,1180.4,12672.8,4
2021,26,275,865.7,1243.5,12764.3,4
2021,27,275,842.4,1190.1,12303.5,4
2021,28,275,731.8,1063.4,10862.0,4
2021,29,275,733.1,1008.3,10545.9,4
2021,30,275,726.3,1037.8,10676.8,4
2021,31,275,721.4,1027.2,10583.6,4
2021,32,275,736.5,931.9,10117.6,4
2021,33,275,702.0,1005.1,10331.5,4
2021,34,275,660.2,847.6,9141.5,4
2021,35,275,666.2,975.8,9933.8,4
2021,36,271,675.9,911.5,9616.4,4
2021,37,275,651.4,844.5,9067.9,4
2021,38,275,623.7,876.1,9079.7,4
2021,39,269,563.0,930.8,9019.8,4
2021,40,271,567.9,847.9,8562.7,4
2021,41,271,527.3,751.8,7741.7,4
2021,42,262,503.7,770.1,7701.0,4
2021,43,275,493.5,719.6,7339.6,4
2021,44,275,493.9,820.2,7934.2,4
2021,45,275,498.6,838.9,8073.9,4
2021,46,275,471.8,721.7,7215.5,4
2021,47,275,463.0,691.2,6980.6,4
2021,48,275,444.5,725.0,7063.2,4
2021,49,275,430.3,696.5,6806.1,4
2021,50,275,446.4,652.6,6649.0,4
2021,51,275,445.6,719.8,7039.5,4
2021,52,275,445.8,708.1,6971.9,4
2021,53,275,436.9,637.2,6498.6,4
2021,54,273,438.6,642.3,6539.3,4
2021,55,243,432.8,741.7,7087.9,4
2021,56,211,488.7,733.3,7390.0,4
2021,57,202,519.7,716.4,7485.5,4
2021,58,169,558.1,800.5,8222.1,4
2021,59,144,495.1,727.1,7393.8,4
2021,60,128,529.9,819.4,8156.0,4
2021,61,97,488.6,608.6,6655.4,4
2021,62,77,493.9,519.4,6163.7,4
2021,63,70,512.3,423.3,5713.8,4
2021,64,15,424.9,700.2,6793.9,4
2021,65,12,470.0,599.1,6482.5,4
2022,0,305,443.5,601.9,6332.3,3
2022,1,304,1802.5,2155.2,24022.9,3
2022,2,305,2702.7,3239.4,36066.6,3
2022,3,305,3254.0,3520.0,41185.7,3
2022,4,305,3216.4,3100.1,38477.7,3
2022,5,305,3017.8,2945.5,36318.6,3
2022,6,305,2686.4,2859.9,33730.3,3
2022,7,305,2461.4,2602.6,30800.6,3
2022,8,305,2241.1,2405.5,28254.8,3
2022,9,305,2081.4,2417.6,27321.6,3
2022,10,305,1970.9,2398.9,26516.5,3
2022,11,305,1814.1,2385.7,25452.6,3
2022,12,305,1810.9,2133.0,23945.0,3
2022,13,305,1649.4,2120.1,22853.3,3
2022,14,305,1572.4,1986.2,21580.9,3
2022,15,305,1535.7,1760.8,20023.3,3
2022,16,305,1386.7,1732.4,18919.0,3
2022,17,305,1396.9,1619.3,18317.4,3
2022,18,305,1282.5,1619.1,17596.7,3
2022,19,305,1278.7,1543.4,17127.2,3
2022,20,305,1186.6,1577.1,16746.3,3
2022,21,305,1115.2,1428.5,15422.5,3
2022,22,305,1089.4,1458.6,15437.4,3
2022,23,305,1026.5,1446.0,14967.6,3
2022,24,305,961.2,1323.3,13834.7,3
2022,25,305,927.6,1438.0,14298.5,3
2022,26,305,903.0,1393.1,13879.5,3
2022,27,298,907.0,1313.5,13436.1,3
2022,28,305,929.4,1257.8,13249.2,3
2022,29,305,913.6,1124.8,12366.9,3
2022,30,305,861.0,1177.7,12347.5,3
2022,31,293,842.7,1322.9,13087.0,3
2022,32,305,878.7,1104.9,12030.3,3
2022,33,305,857.2,1060.4,11633.1,3
2022,34,305,869.6,1050.2,11651.1,3
2022,35,305,866.3,966.9,11140.0,3
2022,36,305,844.9,1035.8,11411.0,3
2022,37,305,848.4,1039.3,11453.6,3
2022,38,305,780.3,943.2,10459.6,3
2022,39,305,823.8,970.0,10891.0,3
2022,40,305,852.5,988.0,11177.4,3
2022,41,305,826.5,913.2,10573.6,3
2022,42,298,822.0,843.4,10134.5,3
2022,43,262,749.3,859.7,9773.1,3
2022,44,237,711.3,831.9,9370.5,3
2022,45,223,676.7,797.8,8952.2,3
2022,46,191,493.3,881.4,8290.7,3
2022,47,172,512.2,878.7,8393.7,3
2022,48,150,535.4,730.4,7666.7,3
2022,49,96,449.9,623.7,6500.9,3
2022,50,77,495.4,706.8,7276.2,3
2022,51,59,525.7,755.8,7755.2,3
2022,52,40,525.0,630.7,7014.4,3
2022,53,18,222.1,869.8,6516.6,3
2023,0,345,539.1,467.4,6141.9,3
2023,1,338,2048.2,1963.9,24442.3,3
2023,2,338,3068.3,2550.9,34313.6,3
2023,3,334,3328.7,2861.9,37782.0,3
2023,4,335,3135.8,2763.9,35991.9,3
2023,5,340,2675.2,2655.8,32458.5,3
2023,6,338,2254.6,2567.0,29290.3,3
2023,7,343,1987.1,2453.3,26938.6,3
2023,8,345,1827.6,2370.0,25445.1,3
2023,9,333,1703.0,2334.0,24449.5,3
2023,10,345,1554.9,2065.5,21937.5,3
2023,11,341,1395.3,1990.4,20491.7,3
2023,12,345,1476.2,2253.3,22547.9,3
2023,13,345,1567.5,2311.2,23463.0,3
2023,14,345,1446.6,2402.0,23237.0,3
2023,15,340,1312.6,2391.4,22331.8,3
2023,16,341,1270.4,2212.0,21010.4,3
2023,17,345,1267.2,2169.1,20737.8,3
2023,18,345,1225.5,2164.7,20449.6,3
2023,19,342,1189.3,2138.7,20068.8,3
2023,20,341,1141.3,1935.9,18573.3,3
2023,21,345,1051.9,1819.6,17326.4,3
2023,22,345,982.6,1629.4,15771.0,3
2023,23,345,967.6,1637.9,15726.7,3
2023,24,345,972.9,1653.7,15853.0,3
2023,25,345,956.5,1626.4,15589.2,3
2023,26,345,879.6,1536.2,14574.6,3
2023,27,345,831.6,1467.7,13869.5,3
2023,28,345,853.4,1499.5,14193.8,3
2023,29,345,898.7,1543.6,14738.3,3
2023,30,342,855.4,1398.1,13609.5,3
2023,31,289,741.5,1168.5,11541.7,3
2023,32,249,645.5,1175.8,10980.8,3
2023,33,225,628.9,1267.9,11418.5,3
2023,34,191,630.0,1525.7,12942.8,3
2023,35,164,631.0,1471.9,12632.5,3
2023,36,146,602.8,1553.6,12936.0,3
2023,37,99,592.1,1518.3,12660.9,3
2023,38,76,594.1,1611.5,13222.1,3
2023,39,54,599.0,1573.6,13029.8,3
2023,40,41,655.8,1028.3,10177.4,3
2023,41,18,817.5,126.3,5885.3,3
2024,0,629,313.1,259.8,3498.5,3
2024,1,624,1347.6,848.2,13468.6,3
2024,2,624,2373.0,1240.3,22226.1,3
2024,3,626,2528.3,1346.1,23825.6,3
2024,4,629,2307.2,1327.2,22323.7,3
2024,5,625,1969.0,1199.0,19441.9,3
2024,6,625,1723.7,1132.1,17505.3,3
2024,7,624,1500.4,974.9,15175.5,3
2024,8,624,1408.2,962.3,14521.4,3
2024,9,629,1279.3,1042.4,14182.1,3
2024,10,629,1231.7,1006.1,13669.1,3
2024,11,629,1181.5,984.1,13223.8,3
2024,12,629,1149.1,977.6,12981.8,3
2024,13,629,1089.1,1012.3,12808.6,3
2024,14,629,1084.9,948.2,12404.9,3
2024,15,629,965.2,893.8,11331.8,3
2024,16,629,924.4,759.3,10283.5,3
2024,17,629,889.1,701.8,9723.1,3
2024,18,621,858.6,700.1,9521.2,3
2024,19,606,812.8,650.4,8940.6,3
2024,20,581,798.8,547.0,8243.9,3
2024,21,547,739.9,496.1,7573.9,3
2024,22,507,605.2,519.8,6866.1,3
2024,23,467,524.4,540.5,6479.8,3
2024,24,427,472.0,622.2,6631.1,3
2024,25,396,434.9,540.3,5915.6,3
2024,26,364,382.9,423.6,4901.7,3
2024,27,335,294.6,387.2,4132.0,3
2024,28,294,198.0,321.4,3137.1,3
2024,29,224,87.9,119.9,1258.6,3
2025,0,486,519.7,186.0,4363.6,3
2025,1,486,2523.6,1067.4,22155.7,3
2025,2,485,4374.8,1648.1,37217.3,3
2025,3,485,4431.9,1623.3,37430.5,3
2025,4,486,3918.6,1623.1,34200.8,3
2025,5,486,3494.4,1639.4,31628.6,3
2025,6,477,3099.7,1741.0,29744.0,3
2025,7,446,2771.5,1770.7,27854.5,3
2025,8,414,2487.2,1745.5,25918.0,3
2025,9,374,2199.3,1811.6,24496.2,3
2025,10,325,2022.3,1761.0,23085.1,3
2025,11,287,1889.8,1714.9,21980.4,3
2025,12,237,1658.2,1279.6,17961.5,3
2025,13,202,1488.0,1209.4,16477.8,3
2025,14,151,1426.3,1307.6,16667.7,3
2025,15,99,1465.6,1023.6,15243.2,3
2025,16,67,1382.6,1164.5,15550.5,3
2025,17,34,1404.2,1257.6,16234.4,3
2026,0,262,545.5,583.3,6864.4,4
2026,1,220,2760.3,2800.3,33844.3,4
2026,2,149,3991.9,3493.3,45669.8,4
2026,3,105,4134.5,3609.5,47250.7,4
2026,4,67,3886.6,4131.3,48762.8,4
2026,5,20,3167.4,4654.7,47319.9,4
