empresa_grupo,pozos,pozos_ok,indice_pct
YPF,2051,1949,95.0
Vista Energy,278,274,98.6
Tecpetrol,252,238,94.4
Pan American Energy,220,153,69.5
Shell,192,183,95.3
Pluspetrol,190,183,96.3
TotalEnergies,109,109,100.0
Pampa Energía,104,104,100.0
Phoenix,66,66,100.0
Chevron,53,53,100.0
Vaca,26,26,100.0
Capex,19,19,100.0
Geopark,18,15,83.3
Flxs,14,14,100.0
Oilstone,10,8,80.0
Petroquimica,10,9,90.0
Bentia,9,6,66.7
Quintana,8,5,62.5
Venoil,7,5,71.4
Continental,4,4,100.0
Tango,4,4,100.0
Argenta,3,3,100.0
Hattrick,2,2,100.0
Patagonia,2,2,100.0
Energicon,1,1,100.0
G,1,1,100.0
Roch,1,1,100.0
Petrolera El Trébol,1,1,100.0
